anio,codigo_comuna,nombre_comuna,codigo_region,nombre_region,poblacion_total,ingresos_municipales,ingresos_educacion,ingresos_salud,promedio_escolaridad,porcentaje_alfabetizacion,porcentaje_agua_red,porcentaje_saneamiento,porcentaje_electricidad,porcentaje_hacinamiento,promedio_personas_vivienda,porcentaje_computador,porcentaje_internet_fija,porcentaje_internet_movil,ingresos_municipales_pc,ingresos_educacion_pc,ingresos_salud_pc,ingresos_municipales_pc_norm,ingresos_educacion_pc_norm,ingresos_salud_pc_norm,promedio_escolaridad_norm,porcentaje_alfabetizacion_norm,porcentaje_agua_red_norm,porcentaje_saneamiento_norm,porcentaje_electricidad_norm,porcentaje_computador_norm,porcentaje_internet_fija_norm,porcentaje_internet_movil_norm,porcentaje_hacinamiento_inv,porcentaje_hacinamiento_norm,promedio_personas_vivienda_inv,promedio_personas_vivienda_norm,score_economico,score_capital_humano,score_infraestructura,score_habitabilidad,score_conectividad,iidc,ranking_iidc,percentil_iidc,categoria_iidc
2025,1101,IQUIQUE,1,Tarapacá,199587,101354404.0,0.0,42862855.0,10.88,97.02,85.14,78.5,85.48,7.3,2.6,56.54,75.1,87.61,507.8206696828952,0.0,214.75774975324043,1.5262042389592156,0.0,4.359938552617227,59.07514450867053,88.35182250396197,88.43018947814122,83.3315398687184,89.00369003690038,60.56270289767944,79.26237463604011,88.22501747030049,6.010000000000001,45.154019534184826,0.69,23.549488054607508,1.9620475971921476,73.71348350631625,86.92180646125333,34.35175379439617,76.01669833467334,54.593157938766254,45,87.2463768115942,Medio
2025,1107,ALTO HOSPICIO,1,Tarapacá,142086,31015111.0,0.0,30327937.0,9.1,95.39,66.57,63.62,81.39,11.35,3.04,43.02,60.02,86.28,218.28407443379362,0.0,213.44774995425306,0.6560309565701122,0.0,4.333343383716041,38.49710982658959,75.43581616481777,68.77315549910024,67.31948778650597,84.69161834475489,44.306841409161954,63.000107839965494,85.9014675052411,1.9600000000000009,14.725770097670928,0.25,8.532423208191126,1.6631247800953846,56.96646299570368,73.59475387678704,11.629096652931027,64.40280558478952,41.65124877806133,294,15.072463768115943,Bajo
2025,1401,POZO ALMONTE,1,Tarapacá,16878,16823876.0,16455549.0,4359324.0,9.13,95.41,31.83,28.2,36.92,5.76,1.45,37.67,38.08,84.67,996.7932219457282,974.9703163881976,258.2843938855315,2.9957623458874862,50.78660142046429,5.243601628974091,38.84393063583816,75.59429477020602,31.999576585159307,29.20477778973421,37.807063784923564,37.8742334976554,39.34001941119378,83.08874912648498,7.550000000000001,56.72426746806912,1.84,62.79863481228669,19.675321798441953,57.21911270302209,33.00380605327236,59.76145114017791,53.43433401177805,44.61880514133848,236,31.88405797101449,Bajo
2025,1402,CAMIÑA,1,Tarapacá,1335,3515135.0,2400679.0,795322.0,7.45,92.51,11.88,2.46,38.46,6.79,1.13,24.54,5.11,74.44,2633.059925093633,1798.2614232209737,595.7468164794008,7.913398290032019,93.67217095310737,12.094648578465687,19.42196531791908,52.614896988906544,10.881761405737272,1.5065102765522436,39.43068002108593,22.08729109053745,3.7851827887415075,65.21663172606569,6.5200000000000005,48.98572501878287,2.16,73.72013651877133,37.893405940535025,36.01843115341281,17.272983901125148,61.3529307687771,30.363035201781546,36.58015739312633,336,2.898550724637681,Bajo
2025,1403,COLCHANE,1,Tarapacá,790,3378014.0,1516594.0,1314362.0,6.66,87.43,9.02,1.49,6.58,2.52,0.36,6.23,1.98,37.11,4275.967088607595,1919.7392405063292,1663.7493670886076,12.850991473738393,100.0,33.77687192102216,10.289017341040468,12.361331220285289,7.854345294802583,0.462713870655332,5.819715340010543,0.07214139713839185,0.4097918688666018,0.0,10.790000000000001,81.06686701728025,2.93,100.0,48.87595446492018,11.325174280662878,4.712258168489486,90.53343350864012,0.16064442200166454,31.121492968942867,343,0.8695652173913043,Crítico
2025,1404,HUARA,1,Tarapacá,2858,4011278.0,3918062.0,2091848.0,8.11,93.49,18.1,13.87,18.82,4.45,0.89,26.47,9.53,79.5,1403.5262421273617,1370.9104268719384,731.92722183345,4.218157763375161,71.41128325898897,14.859336698435158,27.05202312138728,60.38034865293183,17.465862178469354,13.784569030453028,18.724301528729576,24.407839365155702,8.551709263453034,74.05660377358491,8.86,66.56649135987979,2.4,81.91126279863481,30.162925906933097,43.716185887159554,16.65824424588399,74.23887707925729,35.67205080073122,40.089656783993036,314,9.27536231884058,Bajo
2025,1405,PICA,1,Tarapacá,6272,8251068.0,8643302.0,3858998.0,9.38,96.14,44.31,41.19,53.5,7.06,1.96,39.79,31.09,86.13,1315.5401785714287,1378.077487244898,615.2739158163265,3.953724448259703,71.78461835688849,12.491081085873091,41.734104046242784,81.378763866878,45.210119614692495,43.18304099860109,55.28729573010016,40.423229529878554,31.802005823358133,85.63941299790356,6.250000000000001,46.95717505634862,1.33,45.39249146757679,29.40980796367376,61.5564339565604,47.89348544779792,46.1748332619627,52.62154945038009,47.53122201607498,176,49.275362318840585,Bajo
2025,2101,ANTOFAGASTA,2,Antofagasta,401096,167337272.0,134587742.0,64906062.0,10.68,96.87,88.01,85.03,88.72,6.07,2.85,60.14,77.82,90.7,417.20005185790933,335.54994814209067,161.82176336837065,1.2538530344523955,17.47893365213443,3.285250220645952,56.76300578034682,87.16323296354999,91.46819096009317,90.35833423006565,92.41960991038482,64.89118672598292,82.19562169740105,93.62334032145354,7.24,54.395191585274226,0.43999999999999995,15.01706484641638,7.339345635744259,71.96311937194841,91.41537836684786,34.706128215845304,80.23671624827917,57.13213756773299,27,92.46376811594203,Medio
2025,2102,MEJILLONES,2,Antofagasta,14084,12517847.0,12482052.0,0.0,9.34,95.93,70.46,63.15,71.32,6.41,2.42,45.29,61.75,88.48,888.7991337688156,886.2575972735018,0.0,2.6711969136433433,46.16551970046475,0.0,41.27167630057804,79.71473851030119,72.89086482481211,66.813730765092,74.07485503426462,47.03619093423109,64.86573924296344,89.74493361285816,6.9,51.84072126220887,0.8700000000000001,29.692832764505123,16.27890553803603,60.49320740543961,71.2598168747229,40.76677701335699,67.2156212633509,51.202865618981285,90,74.20289855072464,Medio
2025,2103,SIERRA GORDA,2,Antofagasta,1472,8692285.0,2163434.0,1947346.0,9.08,94.77,54.09,54.5,56.68,8.17,2.01,57.29,23.61,73.92,5905.084918478261,1469.7241847826087,1322.9252717391305,17.747142194159522,76.55853220956043,26.857577438366814,38.26589595375723,70.52297939778128,55.562612469567064,57.50564941353707,58.63995782814971,61.46447036190934,23.735576404615546,64.30817610062894,5.140000000000001,38.6175807663411,1.2800000000000002,43.68600682593857,40.387750614028924,54.394437675769254,57.23607323708461,41.151793796139835,49.83607428905128,48.60122592241478,145,58.26086956521739,Bajo
2025,2104,TALTAL,2,Antofagasta,12097,6011711.0,10196234.0,254802.0,9.48,95.94,58.33,53.19,67.15,4.85,2.27,43.3,49.24,79.05,496.958832768455,842.8729437050508,21.063238819542036,1.4935600743330417,43.905595401735084,0.42761868699883515,42.89017341040463,79.79397781299525,60.050809780882815,56.095986226191755,69.67843964153928,44.643501262474445,51.37495956001293,73.27044025157234,8.46,63.56123215627348,1.02,34.81228668941979,15.275591387688985,61.34207561169994,61.941745216204616,49.186759422846634,56.42963369135324,48.83516106595868,139,60.0,Bajo
2025,2201,CALAMA,2,Antofagasta,166334,78731336.0,3244410.0,31118117.0,10.25,96.66,81.32,75.45,82.34,7.98,2.71,55.82,71.78,88.48,473.33278824533767,19.50539276395686,187.08211790734305,1.422554360202624,1.0160438643121308,3.7980773187776395,51.79190751445088,85.49920760697306,84.38657774955011,80.04949962337243,85.69319978914075,59.69700613201875,75.68208778173191,89.74493361285816,5.33,40.04507888805409,0.5800000000000001,19.795221843003414,2.0788918477641314,68.64555756071196,83.37642572068776,29.920150365528755,75.0413425088696,51.81247360071244,81,76.81159420289855,Medio
2025,2202,OLLAGÜE,2,Antofagasta,256,3379920.0,0.0,197500.0,9.52,95.2,18.72,12.79,17.81,1.83,0.58,39.22,12.75,88.24,13202.8125,0.0,771.484375,39.679732643152064,0.0,15.662412523735025,43.35260115606936,73.9302694136292,18.12215518153911,12.62240395996987,17.659462308908804,39.73788625706384,12.02415615227003,89.32564640111809,11.48,86.25093914350113,2.71,92.49146757679179,18.4473817222957,58.64143528484928,16.13467381680593,89.37120336014647,47.02922960348399,45.92478475751627,210,39.42028985507247,Bajo
2025,2203,SAN PEDRO DE ATACAMA,2,Antofagasta,9843,0.0,0.0,0.0,9.78,95.78,57.37,39.08,56.92,9.96,1.94,41.44,6.69,85.48,0.0,0.0,0.0,0.0,0.0,0.0,46.35838150289017,78.52614896988909,59.034614163226415,40.91251479608307,58.8929889298893,42.40711795118431,5.4890542435026415,84.50384346610763,3.3499999999999996,25.16904583020285,1.35,46.075085324232084,0.0,62.44226523638963,52.94670596306626,35.62206557721747,44.133338553598186,39.028875066054304,320,7.536231884057972,Bajo
2025,2301,TOCOPILLA,2,Antofagasta,25400,10958419.0,0.0,0.0,9.61,96.12,66.06,63.54,66.27,4.09,2.12,44.32,67.3,82.27,431.4338188976378,0.0,0.0,1.2966311978657847,0.0,0.0,44.39306358381502,81.22028526148976,68.23330157722029,67.2334014849887,68.75065893516079,45.8699050138271,70.85085732772566,78.89587700908456,9.22,69.27122464312548,1.17,39.931740614334466,0.4322103992885949,62.80667442265239,68.07245399912325,54.60148262872997,65.20554645021244,50.223673580001325,105,69.85507246376812,Medio
2025,2302,MARÍA ELENA,2,Antofagasta,4834,6446953.0,0.0,1142541.0,10.14,96.65,78.91,74.78,79.42,13.31,2.49,52.64,45.97,91.75,1333.6683905668183,0.0,236.35519238725692,4.008206976529755,0.0,4.798402463168453,50.52023121387285,85.419968304279,81.83550333439187,79.3285268481653,82.61465471797575,55.87351208368402,47.84859268845034,95.45772187281622,0.0,0.0,0.7999999999999998,27.303754266211595,2.935536479899403,67.97009975907592,81.25956163351097,13.651877133105797,66.39327554831686,46.442070110781785,203,41.449275362318836,Bajo
2025,3101,COPIAPÓ,3,Atacama,168831,47464810.0,0.0,28154742.0,10.24,96.26,75.84,73.73,82.17,4.98,2.61,53.3,65.86,88.14,281.13800190723265,0.0,166.76286937825398,0.8449321499876612,0.0,3.385562868780011,51.676300578034684,82.32963549920768,78.58579443209486,78.1986441407511,85.51396942540855,56.66706745220632,69.29796182465222,89.15094339622642,8.33,62.584522915101424,0.6800000000000002,23.208191126279868,1.4101650062558908,67.00296803862119,80.76613599941817,42.896357020690644,71.70532422436166,52.75619005786952,62,82.31884057971014,Medio
2025,3102,CALDERA,3,Atacama,18805,15485580.0,0.0,7264320.0,9.96,95.7,29.71,29.46,32.36,1.77,1.04,44.6,45.55,87.67,823.4820526455729,0.0,386.2972613666578,2.474892958254948,0.0,7.842475182097737,48.439306358381515,77.89223454833602,29.755477929501428,30.560637038631235,32.99947285187138,46.20656486713959,47.395664833387244,88.3298392732355,11.540000000000001,86.70172802404208,2.25,76.79180887372013,3.4391227134508946,63.16577045335877,31.10519594000135,81.74676844888111,60.64402299125411,48.02017610938925,162,53.333333333333336,Bajo
2025,3103,TIERRA AMARILLA,3,Atacama,11846,8939250.0,0.0,5606112.0,8.87,94.84,65.89,61.28,76.52,6.22,2.54,40.16,25.82,84.13,754.6218132703023,0.0,473.24936687489446,2.2679403950678094,0.0,9.607747157019245,35.838150289017335,71.0776545166403,68.05335026992697,64.8014634671258,79.55719557195572,40.86810147889863,26.118839641971313,82.14535290006988,7.090000000000001,53.26821938392187,0.75,25.597269624573375,3.9585625173623513,53.457902402828815,70.80400310300284,39.43274450424762,49.7107646736466,43.47279544021764,263,24.057971014492754,Bajo
2025,3201,CHAÑARAL,3,Atacama,12345,7450539.0,0.0,2836913.0,9.48,95.51,53.85,50.87,52.82,3.18,1.7,46.43,17.42,87.43,603.5268529769137,0.0,229.80259214256785,1.8138396019095842,0.0,4.665373808977695,42.89017341040463,76.38668779714745,55.30856356515296,53.59948348219089,54.57037427517133,48.40687747986052,17.06028254070959,87.91055206149548,10.13,76.10818933132984,1.59,54.26621160409556,2.1597378036290933,59.63843060377604,54.49280710750506,65.1872004677127,51.1259040273552,46.52081600199561,202,41.73913043478261,Bajo
2025,3202,DIEGO DE ALMAGRO,3,Atacama,11397,7667286.0,0.0,2559805.0,9.9,96.22,51.74,51.29,58.72,3.05,1.67,50.79,34.93,89.92,672.7459857857331,0.0,224.60340440466788,2.021870783420704,0.0,4.559821673667977,47.745664739884404,82.01267828843109,53.075050280512336,54.05143656515657,60.79072219293622,53.64915233858362,35.94306049822064,92.26065688329841,10.260000000000002,77.08489857250188,1.62,55.2901023890785,2.193897485696227,64.87917151415775,55.97240301286838,66.18750048079019,60.61762324003422,49.97011914670935,110,68.40579710144927,Bajo
2025,3301,VALLENAR,3,Atacama,54222,17302722.0,0.0,10693582.0,9.67,95.35,66.2,62.65,70.59,4.37,2.3,44.58,55.42,83.71,319.1088856921545,0.0,197.21850909225037,0.9590498439873218,0.0,4.0038628737216,45.08670520231214,75.11885895404117,68.38149677146184,66.27569138060906,73.30521876647339,46.182517734760125,58.03946942736978,81.4116002795248,8.940000000000001,67.16754320060106,0.9900000000000002,33.78839590443686,1.6543042392363072,60.10278207817666,69.32080230618142,50.47796955251896,61.87786248055156,48.686744131332986,141,59.42028985507246,Bajo
2025,3302,ALTO DEL CARMEN,3,Atacama,4788,4019693.0,0.0,2403144.0,8.64,92.28,50.47,7.71,55.72,2.62,1.51,29.66,4.42,78.36,839.5348788638262,0.0,501.90977443609023,2.5231381221173654,0.0,10.189600971390824,33.1791907514451,50.792393026941376,51.73070816132105,7.155923813623158,57.627833421191355,28.243356979680172,3.041087026852151,72.06498951781971,10.690000000000001,80.31555221637868,1.78,60.750853242320815,4.237579697836064,41.98579188919324,38.83815513204519,70.53320272934974,34.44981117478401,38.00890812464165,325,6.086956521739131,Bajo
2025,3303,FREIRINA,3,Atacama,7577,4680073.0,0.0,3186977.0,9.0,94.21,46.84,37.95,53.98,3.43,1.72,39.29,10.31,85.96,617.6683383925036,0.0,420.6119836346839,1.856340422130097,0.0,8.53912096419698,37.34104046242775,66.08557844690964,47.888218482057795,39.69654578715162,55.79335793357934,39.82205122039196,9.392860994284483,85.3424178895877,9.88,74.22990232907588,1.57,53.58361774744027,3.4651537954423595,51.71330945466869,47.79270740092958,63.90676003825808,44.852443368088046,42.34607481147735,285,17.681159420289855,Bajo
2025,3304,HUASCO,3,Atacama,9369,7915956.0,0.0,1982109.0,9.74,95.32,37.12,34.82,40.67,2.47,1.27,39.59,23.06,87.25,844.9093820044828,0.0,211.56035862952288,2.539290653838242,0.0,4.2950262090854565,45.89595375722544,74.88114104595877,37.59923785328675,36.32841924028839,41.76067474960464,40.182758206083925,23.142456594413886,87.59608665269043,10.84,81.44252441773102,2.02,68.9419795221843,2.278105620974566,60.388547401592106,38.56277728105993,75.19225196995765,50.30710048439608,45.34575655159607,218,37.10144927536232,Bajo
2025,4101,LA SERENA,4,Coquimbo,250141,108682991.0,0.0,45900469.0,10.91,96.68,70.68,67.51,74.08,2.99,2.28,61.63,70.83,88.04,434.4869133808532,0.0,183.4983829120376,1.3058069680153848,0.0,3.725321553798965,59.42196531791908,85.65768621236141,73.12374298719172,71.50543419778329,76.9847127042699,66.68269808825298,74.65760810956542,88.97624039133476,10.32,77.53568745304283,1.0100000000000002,34.470989761092156,1.6770428406047833,72.53982576514025,73.8712966297483,56.00333860706749,76.77218219638438,56.17273720778904,36,89.85507246376811,Medio
2025,4102,COQUIMBO,4,Coquimbo,263719,64849216.0,0.0,49877807.0,10.37,96.27,71.11,66.88,75.44,3.74,2.33,54.04,68.54,87.49,245.9027070480322,0.0,189.13239849991848,0.7390359949361746,0.0,3.8397014157404903,53.179190751445084,82.40887480190175,73.57891394093363,70.82750457333476,78.41855561412757,57.556811350246484,72.18807289981667,88.01537386443047,9.57,71.900826446281,0.96,32.76450511945392,1.5262458035588882,67.79403277667342,74.274991376132,52.332665782867466,72.58675270483121,53.7029376888126,54,84.63768115942028,Medio
2025,4103,ANDACOLLO,4,Coquimbo,11566,7516016.0,0.0,0.0,9.27,95.31,64.24,53.87,71.63,2.98,2.26,44.33,22.5,83.35,649.837108767076,0.0,0.0,1.9530204445057826,0.0,0.0,40.46242774566473,74.8019017432647,66.30676405208001,56.82771978908856,74.4016868740116,45.881928580016826,22.538552787663104,80.78266946191475,10.33,77.61081893313299,1.0300000000000002,35.153583617747444,0.6510068148352609,57.63216474446472,65.84539023839339,56.38220127544022,49.73438360986489,46.0490293365997,206,40.57971014492754,Bajo
2025,4104,LA HIGUERA,4,Coquimbo,4335,6770940.0,2589184.0,2701635.0,8.3,92.08,38.61,24.08,39.42,2.86,1.35,29.77,12.55,83.39,1561.9238754325258,597.2742791234141,623.2145328719723,4.694206009978448,31.112260796725895,12.652288783719895,29.24855491329481,49.207606973058624,39.176458134857626,24.771333261594748,40.44280442804428,28.375616207767223,11.80847622128761,80.85255066387143,10.450000000000001,78.51239669421489,1.94,66.21160409556313,16.152918530141413,39.22808094317672,34.79686527483222,72.36200039488901,40.34554769764208,40.57708256813629,307,11.304347826086957,Bajo
2025,4105,PAIGUANO,4,Coquimbo,4649,5684676.0,2356609.0,1940267.0,9.84,96.1,54.35,23.14,58.7,3.11,1.61,39.52,9.68,89.73,1222.773929877393,506.90664659066465,417.35147343514734,3.674924764746248,26.404973961826634,8.472927198726374,47.05202312138728,81.06180665610141,55.83783211601566,23.75981921876682,60.76963626779125,40.098593242755804,8.713469211689851,91.92872117400421,10.200000000000001,76.63410969196094,1.68,57.33788395904437,12.850941975099753,64.05691488874434,46.78909586752457,66.98599682550265,46.91359454281662,47.51930881993759,178,48.69565217391305,Bajo
2025,4106,VICUÑA,4,Coquimbo,28047,17403177.0,5998808.0,5200626.0,9.48,95.67,74.15,55.37,76.6,3.97,2.33,41.52,39.55,82.26,620.5004813349021,213.8841230791172,185.42539309017008,1.8648521445196682,11.14131120342706,3.7644430568719813,42.89017341040463,77.6545166402536,76.7968667301789,58.44183794253739,79.64153927253558,42.50330648070218,40.92526690391459,78.8784067085954,9.34,70.17280240420736,0.96,32.76450511945392,5.59020213493957,60.272345025329116,71.62674798175063,51.46865376183064,54.102326697737396,48.61205512031747,144,58.550724637681164,Bajo
2025,4201,ILLAPEL,4,Coquimbo,32009,12297357.0,15666420.0,8642457.0,9.38,94.7,68.89,56.72,76.77,3.63,2.25,46.15,43.85,80.76,384.18435440032493,489.437970570777,270.00084351276206,1.1546276574242702,25.49502350338415,5.481464991242765,41.734104046242784,69.96830427892239,71.22896157510321,59.89454428064135,79.82076963626778,48.07021762654803,45.56238542003667,76.25786163522015,9.68,72.72727272727272,1.04,35.49488054607509,10.710372050683729,55.85120416258259,70.31475849733745,54.1110766366739,56.63015489393496,49.52351324824252,123,64.6376811594203,Bajo
2025,4202,CANELA,4,Coquimbo,9639,6241750.0,5542461.0,3941801.0,8.16,92.21,37.67,17.86,56.03,2.44,1.67,28.05,13.05,76.03,647.5516132378878,575.0037348272642,408.94294013901856,1.9461516162500372,29.952179061339994,8.302220025034709,27.630057803468212,50.23771790808236,38.18143325923574,18.078123318626925,57.95466526093832,26.307562823133345,12.347676048743665,67.99440950384349,10.870000000000001,81.66791885800151,1.62,55.2901023890785,13.40018356754158,38.93388785577528,38.07140727960033,68.47901062354,35.54988279190683,38.88687442367281,321,7.246376811594203,Bajo
2025,4203,LOS VILOS,4,Coquimbo,22879,17310724.0,10497241.0,2930708.0,9.38,94.61,48.59,39.03,54.7,3.24,1.61,41.29,44.54,83.18,756.6206564972246,458.81555137899386,128.09598321604966,2.273947718495288,23.899889198388305,2.600560940412057,41.734104046242784,69.25515055467513,49.74065841007727,40.85871085763478,56.552451238798106,42.22676445833834,46.30648118192602,80.4856743535989,10.07,75.65740045078888,1.68,57.33788395904437,9.591465952431884,55.49462730045896,49.050606835503395,66.49764220491663,56.339639997954414,47.394796458253055,180,48.11594202898551,Bajo
2025,4204,SALAMANCA,4,Coquimbo,27823,12582763.0,9705228.0,4692688.0,9.22,94.58,71.8,50.3,78.41,3.54,2.29,43.83,37.81,80.59,452.2432160442799,348.8203285051936,168.6621859612551,1.3591717599804045,18.17019317754804,3.424122145934696,39.88439306358383,69.01743264659271,74.30930454112416,52.98611858388034,81.54981549815497,45.280750270530234,39.04885150436751,75.96086652690428,9.77,73.40345604808414,1.0,34.129692832764505,7.65116236115438,54.45091285508827,69.61507954105316,53.76657444042432,53.430156100600676,47.78277705966416,169,51.30434782608696,Bajo
2025,4301,OVALLE,4,Coquimbo,118696,33934998.0,51317302.0,30063503.0,9.56,95.46,75.56,65.27,79.27,3.82,2.38,41.43,49.6,82.87,285.898412751904,432.34230302621825,253.28151749005863,0.8592390887242464,22.520886894627857,5.142034939550015,43.81502890173412,75.99049128367668,78.28940404361174,69.09501775529968,82.45651027938851,42.395094384994586,51.7631834357813,79.94409503843468,9.49,71.29977460555973,0.9100000000000001,31.058020477815703,9.507386974300706,59.90276009270539,76.61364402609998,51.17889754168772,58.03412428640352,51.04736258423946,94,73.04347826086956,Medio
2025,4302,COMBARBALÁ,4,Coquimbo,12954,7682206.0,8890280.0,2829808.0,8.73,92.89,50.59,37.32,60.21,2.76,1.69,30.29,21.73,73.88,593.0373629766867,686.2961247491122,218.4505172147599,1.782314488698136,35.7494450427602,4.434907857519279,34.219653179190765,55.62599049128368,51.85773261352811,39.01861616270311,62.36162361623616,29.00084164963328,21.70818505338078,64.23829489867225,10.55,79.26371149511645,1.6,54.60750853242321,13.988889129659205,44.92282183523722,51.079324130822464,66.93561001376983,38.31577386722877,43.0484837953435,275,20.579710144927535,Bajo
2025,4303,MONTE PATRIA,4,Coquimbo,29997,12570420.0,18109025.0,10771808.0,8.43,93.77,68.14,37.4,71.27,4.58,2.07,29.66,18.54,82.05,419.05590559055906,603.6945361202787,359.0961762842951,1.2594306172542673,31.44669460218227,7.290248034719439,30.751445086705203,62.599049128367646,70.43505874880915,39.10470246422038,74.02214022140221,28.243356979680172,18.268090154211148,78.51153039832286,8.73,65.58978211870775,1.2200000000000002,41.6382252559727,13.332124418051992,46.67524710753642,61.18730047814392,53.61400368734022,41.6743258440714,43.29660030702879,270,22.028985507246375,Bajo
2025,4304,PUNITAQUI,4,Coquimbo,12076,6484953.0,7092364.0,4103615.0,8.61,93.74,45.44,34.41,65.9,3.73,2.05,32.27,20.41,77.71,537.0116760516728,587.3106989069228,339.81575024842664,1.6139348894018877,30.593253839621475,6.898823404496522,32.83236994219653,62.36133122028523,46.40626653964221,35.88722694501237,68.36056931997892,31.381507755200193,20.284697508896794,70.92941998602376,9.58,71.97595792637115,1.2400000000000002,42.32081911262799,13.03533737783996,47.59685058124088,50.218020934877835,57.14838851949957,40.86520841670691,41.77276116603303,292,15.65217391304348,Bajo
2025,4305,RÍO HURTADO,4,Coquimbo,4334,4371012.0,3861139.0,2194021.0,8.42,92.67,56.54,10.57,58.98,2.81,1.49,30.18,5.47,76.94,1008.539916935856,890.8950161513613,506.23465620673744,3.0310658629713596,46.40708474117499,10.277403245297222,30.63583815028902,53.8827258320127,58.156028368794324,10.2335090928656,61.06483921982077,28.86858242154623,4.173406664509867,69.5842068483578,10.5,78.88805409466566,1.8,61.43344709897611,19.90518461648119,42.25928199115086,43.151458893826906,70.16075059682089,34.20873197813796,41.93708161528356,289,16.52173913043478,Bajo
2025,5101,VALPARAÍSO,5,Valparaíso,284938,130630538.0,80159.0,56245303.0,10.93,96.76,76.7,75.04,78.42,3.63,2.15,57.05,69.38,87.95,458.4524984382567,0.281320848746043,197.3948823954685,1.3778331372664057,0.014654117747358487,4.007443544338781,59.65317919075145,86.29160063391448,79.49613633957871,79.60830732809643,81.56035846072747,61.17590477335577,73.09392860994284,88.81900768693222,9.68,72.72727272727272,1.1400000000000001,38.907849829351534,1.7999769331175148,72.97238991233297,80.22160070946752,55.81756127831213,74.36294702341027,57.03489517132808,29,91.88405797101449,Medio
2025,5102,CASABLANCA,5,Valparaíso,29876,16017372.0,10629921.0,1499224.0,9.93,95.57,59.45,49.54,72.65,3.56,2.13,44.29,43.31,86.2,536.1283973758201,355.80134556165484,50.18155040835453,1.611280283672447,18.533837203213736,1.0187687126861804,48.092485549132945,76.86212361331218,61.23637133481529,52.168298719466264,75.47706905640486,45.8338343152579,44.98004960638413,85.76170510132776,9.75,73.25319308790384,1.1600000000000001,39.59044368600683,7.054628733190788,62.47730458122256,62.96057970356213,56.42181838695534,58.85852967432326,49.55457221585081,122,64.92753623188405,Bajo
2025,5103,CONCÓN,5,Valparaíso,48294,24078455.0,3407022.0,8179931.0,11.98,97.31,61.77,60.85,65.62,2.25,1.79,65.41,75.56,90.89,498.58067254731435,70.54752143123369,169.37779020168136,1.4984343515989778,3.6748491640264045,3.4386500990345765,71.79190751445087,90.64976228209197,63.69217741081825,64.33874959647046,68.0653663679494,71.22760610797162,79.75843847729969,93.95527603074774,11.06,83.0954169797145,1.5,51.19453924914675,2.8706445382199863,81.22083489827142,65.36543112507937,67.14497811443063,81.64710687200635,59.64979910960155,15,95.94202898550725,Medio
2025,5104,JUAN FERNÁNDEZ,5,Valparaíso,904,2710131.0,0.0,1150549.0,10.35,97.24,67.37,13.98,73.94,6.57,1.92,56.91,1.6,86.97,2997.9325221238937,0.0,1272.7311946902655,9.009986391921165,0.0,25.83855441409952,52.947976878612714,90.09508716323296,69.6199851804806,13.902937695039277,76.83711122825514,61.00757484669952,0.0,87.10691823899371,6.74,50.63861758076634,1.37,46.75767918088737,11.616180268673562,71.52153202092283,53.45334470125834,48.69814838082686,49.37149769523108,46.932140613382536,186,46.3768115942029,Bajo
2025,5105,PUCHUNCAVÍ,5,Valparaíso,22539,16935983.0,6659641.0,4181261.0,10.02,96.05,22.21,13.87,37.94,1.76,1.07,45.75,47.07,85.92,751.4079151692622,295.471893162962,185.51226762500553,2.2582813457257394,15.391251422512548,3.766206754033574,49.13294797687861,80.66561014263075,21.816449666560814,13.784569030453028,38.88244596731681,47.589274978958755,49.03483230885366,85.27253668763105,11.55,86.77685950413223,2.2199999999999998,75.76791808873719,7.138579840757288,64.89927905975469,24.827821554776886,81.27238879643471,60.63221465848115,47.75405678204095,171,50.72463768115942,Bajo
2025,5107,QUINTERO,5,Valparaíso,35754,26580521.0,5483962.0,5404809.0,10.06,95.98,48.14,42.11,62.72,3.85,1.81,43.03,58.68,86.23,743.4278961794485,153.38037702075292,151.16655479107231,2.234298196680558,7.989646394908248,3.068931812040352,49.59537572254336,80.11093502377184,49.26431671430084,44.173033466049716,65.00790722192936,44.31886497535169,61.55505230238326,85.81411600279526,9.46,71.07438016528927,1.48,50.51194539249146,4.430958801209719,64.8531553731576,52.81508580075998,60.79316277889036,63.89601109351006,49.35767476950554,126,63.76811594202898,Bajo
2025,5109,VIÑA DEL MAR,5,Valparaíso,334871,91533607.0,30387835.0,60363068.0,11.52,97.17,77.1,74.38,77.65,3.45,2.04,62.43,73.15,89.79,273.3399040227431,90.744898781919,180.2576753436398,0.8214957466318099,4.726938787685828,3.659529814588385,66.47398843930635,89.54041204437405,79.91955118026887,78.89809534057893,80.7485503426463,67.64458338343152,77.15949530896151,92.03354297693922,9.86,74.07963936889556,1.25,42.66211604095563,3.0693214496353414,78.0072002418402,79.85539895449803,58.37087770492559,78.94587388977742,59.64973444813531,16,95.65217391304348,Medio
2025,5201,ISLA DE PASCUA,5,Valparaíso,4800,28450079.0,7166982.0,0.0,10.48,96.66,61.25,29.76,62.83,4.17,1.54,53.73,7.08,88.11,5927.0997916666665,1493.12125,0.0,17.81330569396601,77.77729487918322,0.0,54.450867052023135,85.49920760697306,63.14173811792103,30.883460669321,65.12387981022667,57.18408079836479,5.909630108918365,89.09853249475891,9.14,68.67017280240421,1.75,59.72696245733788,31.863533524383076,69.9750373294981,53.0496928658229,64.19856762987105,50.73074780068069,53.963515830051165,52,85.21739130434783,Medio
2025,5301,LOS ANDES,5,Valparaíso,63440,21329510.0,18327834.0,8151964.0,10.5,96.5,85.48,81.17,86.27,3.66,2.43,55.25,71.45,87.15,336.21547919293823,288.9002837326608,128.49880201765447,1.0104620000371167,15.048933607069658,2.608738830266341,54.68208092485549,84.2313787638669,88.79009209272786,86.20467018185732,89.83658408012651,59.01166285920404,75.32621589561091,87.42138364779876,9.65,72.50187828700226,0.8599999999999999,29.35153583617747,6.222711479124372,69.45672984436119,88.27711545157057,50.926707061589866,73.91975413420457,57.76060359417011,25,93.04347826086956,Medio
2025,5302,CALLE LARGA,5,Valparaíso,16597,13719558.0,6013026.0,4141851.0,9.86,94.94,85.57,65.47,90.04,4.74,2.68,50.77,62.82,87.54,826.6287883352413,362.2959571006808,249.55419654154366,2.484350157686108,18.872144167096653,5.066364141545842,47.28323699421965,71.87004754358162,88.88536043188314,69.31023350909287,93.81128096995258,53.62510520620416,66.01962687371939,88.10272536687633,8.57,64.38767843726522,0.6099999999999999,20.819112627986343,8.807619488776202,59.576642268900635,84.0022916369762,42.60339553262578,69.24915248226664,52.847820281909094,61,82.6086956521739,Medio
2025,5303,RINCONADA,5,Valparaíso,11855,0.0,0.0,0.0,9.85,94.7,77.31,56.45,81.75,4.19,2.51,50.72,60.75,85.59,0.0,0.0,0.0,0.0,0.0,0.0,47.167630057803464,69.96830427892239,80.1418439716312,59.60400301302056,85.07116499736426,53.5649873752555,63.78733958805133,84.69601677148847,9.120000000000001,68.5199098422239,0.7800000000000002,26.62116040955632,0.0,58.56796716836293,74.93900399400535,47.57053512589011,67.34944791159843,49.68539083997136,116,66.66666666666666,Bajo
2025,5304,SAN ESTEBAN,5,Valparaíso,20112,7720775.0,8026809.0,4699813.0,9.91,95.33,81.6,53.67,84.11,4.03,2.45,52.51,62.32,86.79,383.88897175815436,399.1054594272076,233.6820306284805,1.1537399144324831,20.78956615597147,4.74413284531828,47.86127167630058,74.96038034865295,84.68296813803325,56.61250403529539,87.55930416447022,55.7172057232175,65.48042704626334,86.79245283018871,9.280000000000001,69.72201352366642,0.8399999999999999,28.668941979522177,8.89581297190741,61.41082601247676,76.28492544593296,49.1954777515943,69.33002853322319,53.023414143026926,60,82.89855072463767,Medio
2025,5401,LA LIGUA,5,Valparaíso,39270,14852649.0,17245893.0,8907048.0,9.64,95.2,47.98,30.58,56.67,2.73,1.63,43.81,43.86,85.71,378.2187165775401,439.1620320855615,226.81558441558442,1.1366985295317111,22.87612936274267,4.604732597376231,44.7398843930636,73.9302694136292,49.09495077802477,31.765845259873025,58.62941486557723,45.256703138150776,45.573169416585785,84.90566037735849,10.58,79.48910593538693,1.6600000000000001,56.655290102389074,9.539186829883537,59.335076903346405,46.49673696782501,68.072198018888,58.57851097736502,48.404341939461595,153,55.94202898550724,Bajo
2025,5402,CABILDO,5,Valparaíso,20015,8332818.0,11449764.0,2503079.0,9.19,94.03,83.79,55.65,88.5,4.33,2.73,46.76,37.16,85.62,416.3286535098676,572.059155633275,125.06015488383713,1.251234133860118,29.798794730184035,2.5389285895425333,39.53757225433526,64.65927099841524,87.00116439081191,58.74313999784785,92.1876647337902,48.80365516412167,38.34789172867464,84.748427672956,8.98,67.46806912096169,0.56,19.112627986348123,11.196319151195562,52.09842162637525,79.31065637414999,43.29034855365491,57.299991521917434,48.639147445458626,143,58.84057971014492,Bajo
2025,5403,PAPUDO,5,Valparaíso,7561,7659018.0,4406817.0,2339547.0,9.88,95.79,26.2,24.01,32.19,1.93,0.94,51.01,46.74,92.63,1012.9636291495834,582.8352069832033,309.42295992593574,3.044360887643637,30.360123639993997,6.281799346454861,47.514450867052034,78.60538827258327,26.04001270244522,24.69600774776714,32.820242488139165,53.91367079475772,48.678960422732665,96.99510831586304,11.38,85.49962434259956,2.35,80.20477815699658,13.228761291364165,63.05991956981765,27.852087646117173,82.85220124979807,66.5292465111178,50.70444325364297,99,71.59420289855073,Medio
2025,5404,PETORCA,5,Valparaíso,10206,8210817.0,5908607.0,3226195.0,9.29,93.98,61.54,44.93,73.22,2.72,2.03,40.6,19.48,86.91,804.5088183421517,578.9346462864982,316.1076817558299,2.4178707999431768,30.15694184246631,6.417510287983935,40.693641618497104,64.26307448494458,63.448713877421405,47.207575594533516,76.07801792303638,41.39713839124684,19.281785829828532,87.00209643605871,10.59,79.56423741547708,1.2600000000000002,43.00341296928328,12.997440976797806,52.478358051720846,62.244769131663766,61.28382519238018,49.227006885711354,47.64628004765479,174,49.85507246376812,Bajo
2025,5405,ZAPALLAR,5,Valparaíso,7980,29177778.0,6636353.0,4392414.0,10.03,96.44,28.05,20.95,33.46,1.43,0.99,50.87,42.56,89.2,3656.363157894737,831.6231829573935,550.4278195488722,10.988833822455204,43.31959077619592,11.174597767212614,49.2485549132948,83.75594294770207,27.998306340637242,21.40320671473152,34.159198734844495,53.74534086810148,44.17124986520004,91.00279524807829,11.88,89.25619834710744,2.3,78.49829351535836,21.827674121954583,66.50224893049844,27.853570596737754,83.87724593123289,62.973128660459935,52.60677364817673,65,81.44927536231884,Medio
2025,5501,QUILLOTA,5,Valparaíso,96753,25566852.0,24630758.0,22924953.0,10.33,96.06,83.06,76.56,87.28,3.56,2.59,51.59,66.29,87.06,264.24867445970665,254.57358428162433,236.94307153266564,0.7941729653335974,13.260841832585596,4.810337384973566,52.71676300578035,80.74484944532493,86.22843230655235,81.24394705692457,90.9014232999473,54.61103763376217,69.76167367626444,87.26415094339623,9.75,73.25319308790384,0.7000000000000002,23.89078498293516,6.28845072763092,66.73080622555264,86.12460088780807,48.5719890354195,70.54562075114094,55.652293525510416,38,89.27536231884058,Medio
2025,5502,CALERA,5,Valparaíso,50631,14421202.0,11172304.0,11310600.0,9.82,95.57,83.46,78.7,85.53,4.36,2.56,45.55,62.28,81.99,284.82949181331594,220.6613339653572,223.39278307756118,0.8560265537390042,11.494338882563968,4.535244052591494,46.820809248554916,76.86212361331218,86.6518471472425,83.54675562251157,89.05640484976279,47.34880365516412,65.43729106006685,78.40670859538784,8.95,67.24267468069121,0.73,24.914675767918087,5.628536496298156,61.84146643093355,86.41833587317228,46.07867522430465,63.730934436872936,52.739589692316315,63,82.02898550724638,Medio
2025,5503,HIJUELAS,5,Valparaíso,19286,7419006.0,8273031.0,5992841.0,9.22,94.1,80.5,37.76,87.2,5.59,2.61,41.2,37.74,86.52,384.6835009851706,428.9656227315151,310.7353002177746,1.156127792568689,22.344994240904086,6.308442031243258,39.88439306358383,65.21394611727413,83.51857732613529,39.492090821048095,90.81707959936742,42.11855236263076,38.97336352852367,86.32075471698113,7.720000000000001,58.00150262960181,0.6800000000000002,23.208191126279868,9.936521354905345,52.54916959042898,71.27591591551693,40.60484687794084,55.804223536045185,46.034135454967455,207,40.28985507246377,Bajo
2025,5504,LA CRUZ,5,Valparaíso,24939,8637338.0,4950783.0,5160820.0,10.75,96.31,80.1,71.45,85.02,3.34,2.53,64.71,74.2,89.83,346.3385861502065,198.51569830386143,206.93772805645776,1.0408859856524875,10.340763688900953,4.201179140594697,57.57225433526012,82.72583201267834,83.09516248544512,75.74518454750888,88.51871375856616,70.38595647469037,78.29181494661923,92.10342417889589,9.97,74.9060856498873,0.7600000000000002,25.938566552901033,5.194276271716046,70.14904317396923,82.45302026384006,50.42232610139417,80.26039853340184,57.695812868864266,26,92.7536231884058,Medio
2025,5506,NOGALES,5,Valparaíso,22136,8818674.0,6698816.0,5737882.0,9.44,94.51,79.33,64.38,86.15,4.91,2.63,41.4,49.12,84.86,398.38606794362124,302.62088904951213,259.210426454644,1.1973094872595897,15.763645533947424,5.262401626197437,42.42774566473988,68.46275752773381,82.28008891711654,68.13730765092004,89.71006852925673,42.35902368642539,51.24555160142348,83.42068483577918,8.4,63.11044327573253,0.6600000000000001,22.52559726962458,7.407785549134817,55.445251596236844,80.04248836576443,42.81802027267855,59.00842004120935,48.9443931650048,136,60.86956521739131,Bajo
2025,5601,SAN ANTONIO,5,Valparaíso,96770,26215977.0,24618378.0,19123804.0,9.9,95.76,76.86,67.67,81.31,4.87,2.36,44.05,56.81,85.43,270.91016844063245,254.40093004030174,197.6212049188798,0.8141934193214959,13.251848202738397,4.012038266979897,47.745664739884404,78.36767036450085,79.66550227585478,71.67760680081783,84.60727464417502,45.545268726704336,59.53844494769761,84.4164919636618,8.440000000000001,63.41096919609317,0.9300000000000002,31.740614334470997,6.02602662967993,63.05666755219263,78.65012790694921,47.575791765282084,63.16673521268791,51.69506981335835,83,76.23188405797102,Medio
2025,5602,ALGARROBO,5,Valparaíso,16076,13796015.0,6056864.0,5752995.0,11.16,96.4,19.75,18.66,28.95,1.14,0.75,56.39,51.3,89.98,858.1746081114705,376.7643692460811,357.86234137845236,2.579157964335625,19.625809656665137,7.265199139488744,62.31213872832371,83.43898573692559,19.21244839631629,18.938986333799637,29.40432261465472,60.38234940483347,53.596462849131875,92.36547868623342,12.17,91.43501126972201,2.54,86.68941979522185,9.823388920163168,72.87556223262465,22.518585781590215,89.06221553247192,68.78143031339958,52.612236556049915,64,81.73913043478261,Medio
2025,5603,CARTAGENA,5,Valparaíso,24599,18864473.0,9505482.0,10166626.0,9.43,95.29,41.6,30.72,48.42,3.24,1.35,33.87,44.89,83.19,766.8796699052807,386.41741534208705,413.29428025529495,2.3047801573574,20.128640764782716,8.39055944724556,42.3121387283237,74.64342313787645,42.34148406901662,31.91649628752825,49.931470743278865,33.30527834555729,46.683921061145256,80.50314465408806,10.07,75.65740045078888,1.94,66.21160409556313,10.274660123128557,58.47778093310008,41.39648369994125,70.93450227317601,53.49744802026353,46.916175009921886,187,46.08695652173913,Bajo
2025,5604,EL QUISCO,5,Valparaíso,18971,25880524.0,8552811.0,8717847.0,10.62,96.75,34.68,26.51,39.56,1.84,1.01,43.42,51.59,89.15,1364.2150650993622,450.8360655737705,459.5354488429708,4.100011952067257,23.484234528375996,9.329331872804739,56.0693641618497,86.21236133122031,35.01640732507674,27.38620467018186,40.59040590405904,44.787784056751235,53.9091987490564,90.91544374563244,11.47,86.17580766341098,2.2800000000000002,77.81569965870307,12.304526117749331,71.140862746535,34.331005966439214,81.99575366105702,63.20414218381336,52.59525813511878,66,81.15942028985508,Medio
2025,5605,EL TABO,5,Valparaíso,16260,25678864.0,5399018.0,5532727.0,10.29,96.57,16.35,10.54,25.81,1.22,0.65,40.15,44.05,88.65,1579.2659286592866,332.0429274292743,340.2661131611316,4.746325816687904,17.296251512872047,6.907966518670644,52.2543352601156,84.78605388272581,15.61342225044988,10.201226729796621,26.093832366895096,40.856077912708905,45.77806535101908,90.04192872117403,12.09,90.83395942900074,2.64,90.10238907849829,9.650181282743532,68.5201945714207,17.302827115713868,90.46817425374951,58.89202399496734,48.96668024371899,134,61.44927536231884,Bajo
2025,5606,SANTO DOMINGO,5,Valparaíso,13171,22760230.0,7255317.0,5328040.0,10.71,95.94,33.19,28.15,49.2,1.78,1.48,56.92,52.43,84.86,1728.0563358894542,550.8554399817782,404.5281299825374,5.193500506077665,28.69428453400216,8.212592055725827,57.10982658959539,79.79397781299525,33.43918704350587,29.150973851285915,50.75382182393253,61.019598412889266,54.81505445918257,83.42068483577918,11.530000000000001,86.62659654395192,1.81,61.774744027303754,14.033459031935218,68.45190220129533,37.781327572908104,74.20067028562784,66.41844590261701,52.17716099887671,73,79.13043478260869,Medio
2025,5701,SAN FELIPE,5,Valparaíso,80413,22239132.0,26592883.0,11886120.0,10.14,95.76,86.09,77.18,88.63,4.87,2.53,49.27,59.75,85.68,276.5614017633965,330.70377923967516,147.81341325407584,0.8311776359307484,17.226494737506766,3.000857476765694,50.52023121387285,78.36767036450085,89.43579972478037,81.91111589368343,92.32472324723247,51.82157027774438,62.70893993313922,84.853249475891,8.440000000000001,63.41096919609317,0.7600000000000002,25.938566552901033,7.019509950067737,64.44395078918686,87.89054628856543,44.6747678744971,66.46125322892486,54.0980056262484,51,85.5072463768116,Medio
2025,5702,CATEMU,5,Valparaíso,13760,8368177.0,8315023.0,5232741.0,9.07,94.42,81.21,45.11,85.11,4.56,2.45,34.03,22.48,82.93,608.152398255814,604.2894622093023,380.2864098837209,1.8277412156752537,31.47768454479899,7.7204449264044035,38.15028901734105,67.74960380348656,84.27013866836033,47.40126977294738,88.6136004217185,33.497655404593004,22.516984794564866,80.04891684136969,8.75,65.74004507888806,0.8399999999999999,28.668941979522177,13.675290228959549,52.94994641041381,73.4283362876754,47.204493529205116,45.35451901350918,46.522517093952615,201,42.028985507246375,Bajo
2025,5703,LLAILLAY,5,Valparaíso,25484,7950228.0,11562212.0,0.0,9.35,94.43,78.97,67.47,82.44,4.72,2.44,43.81,48.22,84.66,311.96939256003765,453.70475592528646,0.0,0.9375928113520393,23.633665778776408,0.0,41.38728323699422,67.82884310618074,81.8990155604954,71.46239104702464,85.79862941486557,45.256703138150776,50.274991912002584,83.0712788259958,8.59,64.53794139744554,0.8500000000000001,29.010238907849832,8.190419530042815,54.60806317158748,79.72001200746188,46.77409015264769,59.53432462538306,49.76538189742458,112,67.82608695652173,Bajo
2025,5704,PANQUEHUE,5,Valparaíso,7269,4337689.0,4412970.0,2074844.0,9.28,95.03,73.63,63.05,82.43,4.19,2.54,41.2,39.97,89.07,596.7380657587013,607.0945109368552,285.4373366350255,1.7934365808267718,31.623800677051044,5.794851407138341,40.57803468208092,72.58320126782887,76.24642743728168,66.70612288819542,85.7880864522931,42.11855236263076,41.37819475897767,90.77568134171908,9.120000000000001,68.5199098422239,0.75,25.597269624573375,13.070696221672051,56.58061797495489,76.2468789259234,47.058589733398634,58.090809487775836,50.20951846874496,106,69.56521739130434,Medio
2025,5705,PUTAENDO,5,Valparaíso,17336,6521719.0,7388574.0,5225379.0,9.68,94.77,80.7,36.15,84.82,4.31,2.57,44.75,37.41,84.72,376.19514305491464,426.1983156437471,301.41780110752194,1.13061688167361,22.200844086061277,6.1192813437642535,45.202312138728324,70.52297939778128,83.73028474648038,37.75960400301302,88.30785450711649,46.38691835998557,38.61749164240267,83.17610062893083,9.0,67.618332081142,0.7200000000000002,24.573378839590447,9.816914103833048,57.86264576825481,69.93258108553663,46.095855460366224,56.060170210439686,47.953633325686084,164,52.7536231884058,Bajo
2025,5706,SANTA MARÍA,5,Valparaíso,15134,8783336.0,5650699.0,4634301.0,9.43,95.06,78.62,45.02,85.89,3.89,2.49,41.33,45.73,83.63,580.3710849742303,373.3777586890445,306.2178538390379,1.7442472568320988,19.44939973152638,6.216730376373221,42.3121387283237,72.82091917591129,81.52852757489151,47.304422683740455,89.43595150237216,42.27485872309727,47.589776771271424,81.27183787561147,9.42,70.77385424492863,0.7999999999999998,27.303754266211595,9.136792454910568,57.566528952117494,72.75630058700138,49.03880425557011,57.04549112332671,49.10878347458525,132,62.02898550724638,Bajo
2025,5801,QUILPUÉ,5,Valparaíso,162559,67121213.0,30690672.0,27226531.0,11.24,97.03,85.29,82.1,86.86,3.83,2.45,60.12,74.28,88.05,412.90370265565116,188.79712596657214,167.487072386026,1.2409407865743602,9.834519292150173,3.4002653911203433,63.236994219653184,88.43106180665615,88.58897004340004,87.20542343699559,90.45861887190301,64.86713959360345,78.37808691901219,88.9937106918239,9.48,71.22464312546958,0.8399999999999999,28.668941979522177,4.825241823281625,75.83402801315466,88.75100411743288,49.94679255249588,77.41297906814653,59.35400911490232,17,95.3623188405797,Medio
2025,5802,LIMACHE,5,Valparaíso,56145,16104466.0,14953262.0,5488133.0,10.3,96.12,65.73,58.95,75.44,3.71,2.26,51.14,58.81,86.02,286.83704693205095,266.33292367975776,97.74927420073026,0.8620600598861071,13.87339061785874,1.9844724093440347,52.3699421965318,81.22028526148976,67.8839843336509,62.29419993543528,78.41855561412757,54.06997715522424,61.69524425752183,85.44723969252271,9.600000000000001,72.12622088655148,1.0300000000000002,35.153583617747444,5.573307695696294,66.79511372901078,69.53224662773792,53.63990225214946,67.07082036842293,52.52227813460347,67,80.8695652173913,Medio
2025,5803,OLMUÉ,5,Valparaíso,19778,8808780.0,6399594.0,5112646.0,10.0,94.88,46.41,35.21,67.4,3.67,1.88,46.23,39.66,85.66,445.38274850844374,323.5713418950349,258.50166852057845,1.3385533108712468,16.854963167273347,5.248012664473093,48.90173410404625,71.39461172741677,47.43304752831586,36.74808996018509,69.94201370585135,48.16640615606588,41.04389086595492,84.81830887491265,9.64,72.4267468069121,1.4100000000000001,48.122866894197955,7.81384304753923,60.14817291573151,51.37438373145077,60.27480685055503,58.009535298977816,47.524148368850874,177,48.98550724637681,Bajo
2025,5804,VILLA ALEMANA,5,Valparaíso,139571,33635171.0,19655553.0,21340354.0,11.04,96.94,86.1,85.46,88.55,2.98,2.52,63.03,78.36,89.69,240.9896826704688,140.82834542992455,152.89962814624815,0.7242703914883483,7.335805950019609,3.1041160759117457,60.924855491329474,87.7179080824089,89.44638509579761,90.82104810072097,92.2403795466526,68.36599735481543,82.7779575110536,91.85883997204752,10.33,77.61081893313299,0.77,26.279863481228666,3.721397472473235,74.32138178686918,90.83593758105707,51.94534120718083,81.00093161263885,60.364997932043835,10,97.3913043478261,Medio
2025,6101,RANCAGUA,6,Libertador General Bernardo O'Higgins,257744,107378683.0,54687149.0,47754297.0,10.47,96.01,88.22,85.97,89.22,4.1,2.55,55.14,71.29,85.67,416.60982602892796,212.17622524675647,185.2780161710845,1.2520791697479576,11.052346108776483,3.7614510609508773,54.33526011560694,80.34865293185428,91.6904837514555,91.36984827289358,92.94675803900896,58.879403631116986,75.15367195082499,84.83577917540183,9.21,69.19609316303531,0.7400000000000002,25.25597269624574,5.355292113158439,67.3419565237306,92.00236335445267,47.226032929640525,72.9562849191146,56.97638596801937,31,91.30434782608695,Medio
2025,6102,CODEGUA,6,Libertador General Bernardo O'Higgins,13955,5651007.0,6326928.0,4632983.0,9.34,94.66,80.34,42.03,87.28,4.34,2.69,47.85,48.03,83.71,404.9449659620208,453.3807237549266,331.9944822644214,1.2170215993420566,23.61678681086645,6.7400386907760765,41.27167630057804,69.65134706814578,83.34921138985922,44.08694716453245,90.9014232999473,50.114223878802456,50.07009597756928,81.4116002795248,8.97,67.39293764087154,0.6000000000000001,20.477815699658706,10.524615700328196,55.46151168436191,72.77919395144632,43.93537667026512,60.53197337863218,48.64653427700675,142,59.130434782608695,Bajo
2025,6103,COINCO,6,Libertador General Bernardo O'Higgins,7916,4369939.0,3488695.0,0.0,9.26,95.2,71.03,22.47,78.97,4.49,2.34,44.24,39.56,83.4,552.038782213239,440.7143759474482,0.0,1.659097354209383,22.956991587628863,0.0,40.346820809248555,73.9302694136292,73.4942309727956,23.03884644355967,82.14022140221402,45.77371648430925,40.93605090046371,80.8700209643606,8.82,66.26596543951916,0.9500000000000002,32.423208191126285,8.20536298061275,57.13854511143888,59.55776627285643,49.34458681532273,55.85992944971119,46.021238125988404,208,40.0,Bajo
2025,6104,COLTAUCO,6,Libertador General Bernardo O'Higgins,21373,9540034.0,10657594.0,5996549.0,8.95,94.24,80.13,43.23,85.09,4.88,2.49,41.15,41.65,77.25,446.359144715295,498.64754596921347,280.56655593505826,1.3414877720280378,25.974754041996643,5.695966479448739,36.763005780346816,66.32329635499204,83.12691859849689,45.378241687291506,88.59251449657354,42.058434531682096,43.18990617923002,70.12578616352202,8.43,63.335837716003,0.7999999999999998,27.303754266211595,11.004069431157808,51.54315106766943,72.36589159412064,45.3197959911073,51.79137562481137,46.40485674177331,204,41.15942028985507,Bajo
2025,6105,DOÑIHUE,6,Libertador General Bernardo O'Higgins,21925,8977095.0,9507049.0,6210840.0,9.67,95.92,85.13,53.49,89.38,5.01,2.62,46.82,49.05,85.18,409.4456100342075,433.6168301026226,283.2766248574686,1.2305478350214891,22.58727752985122,5.750985373940989,45.08670520231214,79.63549920760701,88.41960410712396,56.41880985688152,93.11544544016868,48.87579656126007,51.17006362557963,83.97973445143259,8.3,62.35912847483096,0.6699999999999999,22.866894197952213,9.856270246271233,62.36110220495958,79.31795313472473,42.61301133639159,61.341864879424094,51.09804036035425,93,73.33333333333333,Medio
2025,6106,GRANEROS,6,Libertador General Bernardo O'Higgins,35938,9758400.0,8200323.0,0.0,9.73,95.09,85.25,79.58,89.33,5.31,2.76,49.04,67.7,83.47,271.53430908787357,228.1797261951138,0.0,0.8160692116206179,11.885975000174067,0.0,45.78034682080926,73.0586370839937,88.54662855933101,84.49370493920155,93.06273062730628,51.545028255380544,71.2822171896905,80.99231306778478,8.0,60.105184072126214,0.5300000000000002,18.088737201365195,4.2340147372648955,59.41949195240148,88.70102137527961,39.096960636745706,67.9398528376186,51.87826830786206,79,77.39130434782608,Medio
2025,6107,LAS CABRAS,6,Libertador General Bernardo O'Higgins,27554,10518536.0,12408468.0,7935135.0,8.92,93.75,58.73,26.44,64.16,4.08,1.86,38.25,27.63,85.61,381.7426145024316,450.3327284604776,287.98486608114973,1.1472892523433436,23.45801549285948,5.846570480647199,36.41618497109827,62.440570522979414,60.47422462157298,27.31087915635425,66.5260938323669,38.57160033665985,28.070743017362233,84.7309573724668,9.23,69.34635612321563,1.43,48.805460750853236,10.150625075283342,49.42837774703884,51.437065870098046,59.07590843703443,50.457766908829626,44.109948807656856,251,27.536231884057973,Bajo
2025,6108,MACHALÍ,6,Libertador General Bernardo O'Higgins,60875,17493750.0,10776282.0,8746235.0,11.05,96.17,86.07,80.53,88.03,2.95,2.68,68.53,76.46,90.17,287.37166324435316,177.02311293634497,143.675318275154,0.8636667957493044,9.22120615139665,2.9168472845667006,61.04046242774568,81.61648177496042,89.41462898274585,85.51597976971915,91.6921454928835,74.97895875916797,80.72899816672057,92.69741439552762,10.36,77.83621337340345,0.6099999999999999,20.819112627986343,4.333906743904219,71.32847210135304,88.87425141511615,49.3276630006949,82.80179044047206,59.33321674030808,18,95.07246376811594,Medio
2025,6109,MALLOA,6,Libertador General Bernardo O'Higgins,13882,6694184.0,6964929.0,3918191.0,8.98,93.97,79.57,36.2,82.16,4.65,2.42,40.75,28.84,84.48,482.22042933294915,501.72374297651635,282.24974787494597,1.4492652766974783,26.134994398728196,5.730138067848241,37.109826589595386,64.1838351822504,82.53413782153063,37.81340794146132,85.50342646283605,41.57749188409282,29.375606599805888,82.75681341719078,8.66,65.06386175807664,0.8700000000000001,29.692832764505123,11.104799247757972,50.646830885922896,68.61699074194267,47.378347261290884,51.236637300363164,45.796721087455516,211,39.130434782608695,Bajo
2025,6110,MOSTAZAL,6,Libertador General Bernardo O'Higgins,27394,9349896.0,12018484.0,7890218.0,9.38,94.22,75.23,53.31,85.01,5.87,2.7,48.69,58.5,85.14,341.3118201065927,438.7268744980653,288.02723224063664,1.0257785430018953,22.85346182653179,5.847430583960284,41.734104046242784,66.16481774960381,77.94008680004235,56.22511567846766,88.50817079599368,51.124203438739926,61.360940364499086,83.9098532494759,7.44,55.89782118707739,0.5899999999999999,20.13651877133105,9.908890317831323,53.9494608979233,74.2244577581679,38.01716997920422,65.46499901757164,48.31299559413968,156,55.072463768115945,Bajo
2025,6111,OLIVAR,6,Libertador General Bernardo O'Higgins,13901,6043448.0,5736889.0,3717314.0,9.69,95.13,87.28,45.54,87.54,4.57,2.65,51.9,50.94,86.63,434.74915473706926,412.6961369685634,267.4134234947126,1.3065951081864757,21.497510092032876,5.428936072954745,45.31791907514451,73.37559429477018,90.6954588758336,47.863983643602715,91.17554032683185,54.983768185643854,53.20823897336352,86.51292802236199,8.74,65.6649135987979,0.6400000000000001,21.843003412969285,9.411013757724698,59.34675668495734,76.57832761542272,43.75395850588359,64.90164506045646,50.79834032488897,97,72.17391304347827,Medio
2025,6112,PEUMO,6,Libertador General Bernardo O'Higgins,14243,5626276.0,4454455.0,1362657.0,9.15,93.46,86.26,58.79,89.18,5.37,2.68,44.2,57.16,81.14,395.020431088956,312.74696342062765,95.67204942778909,1.187194402267884,16.291116877839144,1.9423013008256977,39.075144508670526,60.1426307448494,89.61575103207369,62.122027332400734,92.90458618871904,45.725622219550324,59.915884826916844,76.92173305380854,7.94,59.65439519158527,0.6099999999999999,20.819112627986343,6.473537526977576,49.608887626759966,81.54745485106449,40.236753909785804,60.85441336675857,47.74420945626928,172,50.43478260869565,Bajo
2025,6113,PICHIDEGUA,6,Libertador General Bernardo O'Higgins,20363,7928931.0,9817016.0,3593598.0,8.72,93.34,86.29,41.49,87.44,5.39,2.55,38.27,36.55,80.77,389.3793154250356,482.1006727888818,176.47684525855718,1.170240593270486,25.11282066942218,3.582772692352809,34.10404624277458,59.19175911251985,89.64750714512545,43.50586462929087,91.07011070110701,38.59564746903932,37.69006793917825,76.27533193570929,7.920000000000001,59.50413223140496,0.7400000000000002,25.25597269624574,9.955277985015158,46.64790267764721,74.74116082517445,42.38005246382535,50.85368244797562,44.91561527992755,230,33.6231884057971,Bajo
2025,6114,QUINTA DE TILCOCO,6,Libertador General Bernardo O'Higgins,13558,5980539.0,6290147.0,4133320.0,9.15,93.53,87.55,41.45,88.68,4.93,2.58,43.31,33.61,83.73,441.1077592565275,463.9435757486355,304.86207405222007,1.3257052581878972,24.167010079258,6.189205797780838,39.075144508670526,60.697305863708415,90.98126389329947,43.462821478532234,92.3774380600949,44.655524828664184,34.51957295373665,81.44654088050316,8.38,62.960180315552215,0.71,24.232081911262796,10.560640378408912,49.88622518618947,75.60717447730887,43.59613111340751,53.540546220968,46.63814347525655,197,43.188405797101446,Bajo
2025,6115,RENGO,6,Libertador General Bernardo O'Higgins,63620,18158608.0,33755347.0,15645218.0,9.47,94.7,84.34,66.52,85.71,4.93,2.52,47.94,57.57,84.79,285.4229487582521,530.5776013832128,245.91666142722414,0.857810129239322,27.6380036511247,4.99251614490943,42.77456647398845,69.96830427892239,87.58335979676089,70.44011621650704,89.24617817606747,50.222435974510034,60.35802868543082,83.29839273235503,8.38,62.960180315552215,0.77,26.279863481228666,11.162776641757816,56.37143537645542,82.4232180631118,44.62002189839044,64.62628579743195,51.84074755542948,80,77.10144927536233,Medio
2025,6116,REQUINOA,6,Libertador General Bernardo O'Higgins,29508,10835059.0,7880000.0,7406916.0,9.43,94.58,89.81,50.87,90.75,5.25,2.81,49.79,55.59,84.8,367.1905584926122,267.0462247526095,251.01382675884506,1.1035545032603122,13.910546761662085,5.095997056140495,42.3121387283237,69.01743264659271,93.37355774319892,53.59948348219089,94.55983131259885,52.44679571961043,58.22279736870484,83.31586303284418,8.06,60.55597295266717,0.48,16.38225255972696,6.7033661070209645,55.664785687458206,80.51095751266288,38.46911275619706,64.66181870705314,49.202008154078456,129,62.89855072463768,Bajo
2025,6117,SAN VICENTE,6,Libertador General Bernardo O'Higgins,49559,16625821.0,19209610.0,11505672.0,9.55,94.75,86.14,43.33,88.63,4.65,2.57,46.0,48.16,83.11,335.475312254081,387.61092838838556,232.16110091002642,1.0082375023215615,20.190811346136446,4.713255449168765,43.69942196531793,70.36450079239305,89.48872657986662,45.48584956418809,92.32472324723247,47.889864133702055,50.21028793270786,80.36338225017471,8.66,65.06386175807664,0.7200000000000002,24.573378839590447,8.63743476587559,57.031961378855485,75.76643313042906,44.818620298833544,59.487844772194876,49.14845886923771,131,62.31884057971014,Bajo
2025,6201,PICHILEMU,6,Libertador General Bernardo O'Higgins,19847,17495690.0,9910665.0,2068497.0,10.09,94.66,43.66,27.85,49.2,2.21,1.32,47.92,48.1,85.69,881.5281906585378,499.3533027661611,104.2221494432408,2.6493448212441373,26.011517201391225,2.115882513745529,49.94219653179191,69.65134706814578,44.52207049857097,28.828150220596154,50.75382182393253,50.19838884213057,50.14558395341313,84.87071977638016,11.100000000000001,83.39594290007514,1.97,67.23549488054607,10.258914845460298,59.796771799968845,41.368014181033224,75.3157188903106,61.73823085730795,49.69553011481619,113,67.53623188405797,Bajo
2025,6202,LA ESTRELLA,6,Libertador General Bernardo O'Higgins,4609,4955387.0,2435514.0,1855721.0,9.12,94.16,30.18,17.84,41.16,2.5,1.25,39.36,17.03,86.11,1075.1544803645043,528.4256888696029,402.6298546322413,3.2312692716760627,27.525909650637303,8.174053917322214,38.728323699421956,65.68938193343897,30.25299036731237,18.056601743247608,42.277279915656294,39.90621618372009,16.639706675293866,85.60447239692523,10.81,81.21712997746056,2.04,69.62457337883959,12.97707761321186,52.208852816430465,30.195624008738758,75.42085167815007,47.38346508531307,43.63717424036885,258,25.507246376811594,Bajo
2025,6203,LITUECHE,6,Libertador General Bernardo O'Higgins,8852,5521289.0,4745728.0,1049641.0,9.19,93.92,37.25,27.17,54.44,3.42,1.62,42.9,16.98,87.54,623.7335065521916,536.1192950745594,118.57670582919114,1.8745686784968505,27.926672735676256,2.4073038192152207,39.53757225433526,63.78763866877974,37.73684767651106,28.096416657699347,56.27833421191355,44.16255861488517,16.585786692548258,88.10272536687633,9.89,74.30503380916605,1.67,56.99658703071672,10.736181744462776,51.662605461557504,40.70386618204132,65.65081041994138,49.617023558103256,43.674097473221245,256,26.08695652173913,Bajo
2025,6204,MARCHIHUE,6,Libertador General Bernardo O'Higgins,8715,9063701.0,6314523.0,1519158.0,8.91,93.36,50.21,22.2,59.53,3.43,1.72,40.52,19.99,81.01,1040.0115892139988,724.5580034423408,174.31531841652324,3.1256508267303778,37.742521908925475,3.538890111994572,36.30057803468208,59.35023771790809,51.45548851487245,22.74830517593888,61.64470216130733,41.300949861728995,19.831769653833707,76.69461914744934,9.88,74.22990232907588,1.57,53.58361774744027,14.80235428255014,47.82540787629509,45.28283195070622,63.90676003825808,45.94244622100401,43.551960073762714,262,24.347826086956523,Bajo
2025,6205,NAVIDAD,6,Libertador General Bernardo O'Higgins,8885,9039297.0,5294265.0,3385594.0,9.52,93.52,41.42,3.29,53.04,2.59,1.35,38.99,21.02,80.67,1017.3660101294316,595.8655036578504,381.0460326392797,3.0575918034256855,31.038877108158264,7.735866528377844,43.35260115606936,60.61806656101424,42.150947390706044,2.399655654793931,54.802319451765946,39.461344234700015,20.94252129839318,76.10062893081762,10.72,80.54094665664914,1.94,66.21160409556313,13.944111813320598,51.9853338585418,33.117640832421976,73.37627537610614,45.50149815463694,43.5849720070055,259,25.217391304347824,Bajo
2025,6206,PAREDONES,6,Libertador General Bernardo O'Higgins,7228,5383353.0,4367235.0,2853179.0,8.32,88.86,37.53,16.18,45.32,2.08,1.27,31.29,8.3,75.99,744.7915052573326,604.2107083563918,394.7397620365246,2.23839638739865,31.473582224481273,8.013871949820173,29.479768786127174,23.69255150554673,38.03323806499418,16.27031098676423,46.66315234580917,30.203198268606464,7.2252776879111416,67.9245283018868,11.23,84.37265214124719,2.02,68.9419795221843,13.90861685390003,26.586160145836953,33.65556713252253,76.65731583171575,35.1176680861348,37.185065610022015,331,4.3478260869565215,Bajo
2025,6301,SAN FERNANDO,6,Libertador General Bernardo O'Higgins,75585,23128449.0,7726.0,14958982.0,9.95,95.38,82.92,67.23,84.49,4.35,2.4,49.95,62.73,85.65,305.992577892439,0.10221604815770324,197.90940001323014,0.9196300925701143,0.005324475637157048,4.017889105443128,48.32369942196531,75.3565768621236,86.0802371123108,71.20413214247283,87.95993674222457,52.63917277864615,65.9225709047773,84.8008385744235,8.96,67.31780616078137,0.8900000000000001,30.37542662116041,1.6476145578834664,61.84013814204445,81.74810199900274,48.846616390970894,67.78752741928231,52.37399970183677,68,80.57971014492755,Medio
2025,6302,CHÉPICA,6,Libertador General Bernardo O'Higgins,15668,6302302.0,8874820.0,3952372.0,8.69,92.58,85.54,41.71,89.38,4.91,2.63,38.08,27.16,81.2,402.2403625223385,566.4296655603779,252.2575950982895,1.2088931841735202,29.505552296309922,5.1212476165505345,33.75722543352601,53.16957210776544,88.85360431883139,43.74260195846336,93.11544544016868,38.36719971143441,27.563895179553537,77.02655485674354,8.4,63.11044327573253,0.6600000000000001,22.52559726962458,11.945231032344658,43.463398770645725,75.23721723915448,42.81802027267855,47.6525499159105,44.22328344614678,245,29.275362318840582,Bajo
2025,6303,CHIMBARONGO,6,Libertador General Bernardo O'Higgins,37258,12332954.0,0.0,5040805.0,8.94,93.95,86.85,39.58,90.39,5.26,2.61,42.55,40.21,83.3,331.0149229695636,0.0,135.2945676096409,0.9948322483808552,0.0,2.7467041443613875,36.64739884393063,64.02535657686215,90.24028792209167,41.450554180566016,94.18028465998947,43.74173379824455,41.637010676156585,80.69531795946891,8.05,60.48084147257702,0.6800000000000002,23.208191126279868,1.2471787975807476,50.33637771039639,75.29037558754905,41.84451629942844,55.35802081129001,44.81529384124893,232,33.04347826086956,Bajo
2025,6304,LOLOL,6,Libertador General Bernardo O'Higgins,7791,4084584.0,4569274.0,1732835.0,8.75,90.55,63.92,25.68,75.05,4.52,2.09,38.61,17.94,79.12,524.2695417789757,586.4810678988576,222.41496598639455,1.5756396791015246,30.550038022047925,4.515392743672101,34.45086705202313,37.083993660855754,65.9680321795279,26.493059291940174,78.00738007380073,39.0044487194902,17.621050361263883,73.39273235499653,8.790000000000001,66.0405709992487,1.2000000000000002,40.95563139931741,12.21369014827385,35.76743035643944,56.822823848422935,53.498101199283056,43.33941047858354,40.32829120620056,312,9.855072463768117,Bajo
2025,6305,NANCAGUA,6,Libertador General Bernardo O'Higgins,18723,7280477.0,0.0,2440494.0,9.1,93.68,85.5,49.02,87.56,5.53,2.63,40.89,45.13,83.6,388.85205362388507,0.0,130.34738022752765,1.1686559606550793,0.0,2.6462680342834948,38.49710982658959,61.885895404120504,88.81126283476236,51.608737759604004,91.19662625197681,41.74582181074907,46.94273697832417,81.21942697414394,7.78,58.45229151014275,0.6600000000000001,22.52559726962458,1.2716413316461914,50.19150261535505,77.2055422821144,40.48894438988366,56.635995254405735,45.15872517468101,221,36.231884057971016,Bajo
2025,6306,PALMILLA,6,Libertador General Bernardo O'Higgins,13060,5762232.0,4862022.0,3273127.0,8.89,93.23,81.86,33.38,83.98,4.89,2.54,40.11,41.91,79.3,441.2122511485452,372.28346094946403,250.62228177641654,1.3260192981198162,19.392397315964363,5.088048043516105,36.06936416184972,58.32012678288435,84.95818778448185,34.778865812977514,87.42224565102794,40.80798364794998,43.470290089507166,73.70719776380153,8.420000000000002,63.260706235912856,0.75,25.597269624573375,8.602154885866762,47.19474547236703,69.05309974949576,44.42898793024312,52.66182383375289,44.388162374345114,241,30.434782608695656,Bajo
2025,6307,PERALILLO,6,Libertador General Bernardo O'Higgins,12493,5408852.0,6508132.0,3442276.0,9.2,92.96,74.57,42.2,83.7,4.4,2.42,43.87,38.85,85.84,432.95061234291205,520.9422876811014,275.5363803730089,1.301189768881117,27.136096230637214,5.5938455716602595,39.653179190751445,56.18066561014259,77.24145231290358,44.26988055525665,87.12704269899842,45.32884453528916,40.17038714547611,85.1327742837177,8.91,66.94214876033058,0.8700000000000001,29.692832764505123,11.343710523726196,47.91692240044702,69.54612518905289,48.317490762417854,56.87733532149432,46.80031683942765,190,45.21739130434783,Bajo
2025,6308,PLACILLA,6,Libertador General Bernardo O'Higgins,9438,4588785.0,0.0,3261701.0,8.98,93.72,79.86,18.94,84.97,4.74,2.51,40.15,36.44,84.67,486.2031150667514,0.0,345.59239245602885,1.4612348403884698,0.0,7.016098823402427,37.109826589595386,62.20285261489698,82.84111358103102,19.240288389110088,88.46599894570375,40.856077912708905,37.57144397713792,83.08874912648498,8.57,64.38767843726522,0.7800000000000002,26.62116040955632,2.8257778879302986,49.656339602246184,63.51580030528162,45.50441942341077,53.83875700544394,43.068218844862564,274,20.869565217391305,Bajo
2025,6309,PUMANQUE,6,Libertador General Bernardo O'Higgins,4559,4546121.0,2440236.0,1645724.0,8.78,92.5,48.77,20.96,60.42,2.57,1.78,35.0,6.98,82.61,997.1750383856108,535.2568545733714,360.9835490239088,2.9969098570146273,27.881747858224635,7.32856483204133,34.79768786127167,52.53565768621237,49.93119508838785,21.41396750242118,62.58302583025831,34.663941324997,5.801790143427155,79.4898672257163,10.74,80.69120961682945,1.51,51.5358361774744,12.735740849093531,43.66667277374202,44.64272947368911,66.11352289715192,39.98519956471348,41.42877311167801,296,14.492753623188406,Bajo
2025,6310,SANTA CRUZ,6,Libertador General Bernardo O'Higgins,41209,12996838.0,18819088.0,13027030.0,9.71,94.2,84.12,54.34,86.79,4.35,2.5,46.87,47.41,84.12,315.38833749909,456.6742216506103,316.1209929869689,0.9478681084603832,23.788346459499518,6.4177805280562605,45.54913294797689,66.00633914421556,87.3504816343813,57.33347681050254,90.38481813389564,48.93591439220872,49.401488191523775,82.12788259958073,8.96,67.31780616078137,0.79,26.96245733788396,10.384665032005387,55.77773604609622,78.35625885959315,47.14013174933267,60.15509506110441,50.36277734962637,102,70.72463768115942,Medio
2025,7101,TALCA,7,Maule,232131,58288323.0,73659995.0,48011572.0,10.62,95.7,84.13,82.27,86.09,3.9,2.43,57.37,68.25,86.5,251.10098608113523,317.3208016163287,206.8296436064119,0.7546589027248016,16.52936997488449,4.19898484697207,56.0693641618497,77.89223454833602,87.36106700539854,87.38835682771979,89.64681075382182,61.56065889142719,71.87533699989216,86.2858141160028,9.41,70.69872276483846,0.8599999999999999,29.35153583617747,7.161004574860454,66.98079935509286,88.13207819564673,50.02512930050797,73.24060333577405,57.107922952376406,28,92.17391304347827,Medio
2025,7102,CONSTITUCIÓN,7,Maule,47004,21010068.0,0.0,11162304.0,9.25,94.11,63.36,58.36,73.01,3.68,2.0,40.15,35.84,82.73,446.98468215471024,0.0,237.47561909624713,1.3433677622463551,0.0,4.821148983885499,40.23121387283237,65.29318541996831,65.37525140256166,61.6593134617454,75.85661570901424,40.856077912708905,36.924404184190664,79.69951083158632,9.63,72.35161532682194,1.29,44.027303754266214,2.054838915377285,52.76219964640034,67.63039352444044,58.18945954054408,52.493330976161964,46.62604452058481,199,42.608695652173914,Bajo
2025,7103,CUREPTO,7,Maule,9519,6567455.0,6229008.0,1668204.0,8.49,92.72,52.26,26.41,70.63,3.25,1.83,31.47,17.12,69.74,689.9311902510768,654.3763000315159,175.24992121021117,2.0735191968631237,34.086728354780355,3.5578640989927863,31.445086705202318,54.27892234548336,53.625489573409546,27.27859679328527,73.3473906167633,30.41962246002164,16.736762644235956,57.005590496156536,10.06,75.58226897069872,1.46,49.829351535836174,13.239370550212088,42.86200452534284,51.417158994486044,62.705810253267444,34.72065853347138,40.98900057135596,300,13.333333333333334,Bajo
2025,7104,EMPEDRADO,7,Maule,3990,4429695.0,0.0,2048605.0,8.17,89.66,49.26,48.73,74.79,3.81,2.11,36.89,8.13,82.1,1110.1992481203008,0.0,513.4348370927319,3.3365928165716188,0.0,10.423578860690546,27.745664739884397,30.031695721077618,50.44987826823329,51.29667491660389,77.73326304691619,36.936395334856314,7.041949746576082,78.59888190076869,9.5,71.37490608564988,1.1800000000000002,40.273037542662124,4.586723892420721,28.888680230481008,59.826605410584456,55.823971814156,40.859075660733694,37.997011401675174,326,5.797101449275362,Bajo
2025,7105,MAULE,7,Maule,61081,17956952.0,8812161.0,11005003.0,9.8,94.8,80.42,70.63,85.98,5.74,2.62,56.32,63.23,87.05,293.9858875918862,144.27008398683716,180.1706422619145,0.8835451855811631,7.515087515155761,3.657762898661937,46.58959537572255,70.7606973058637,83.43389435799725,74.86279995695685,89.53083816552451,60.29818444150534,66.46177073223336,87.24668064290707,7.57,56.874530428249436,0.6699999999999999,22.866894197952213,4.018798533132954,58.67514634079313,82.60917749349288,39.870712313100825,71.33554527221526,51.301875990547,88,74.78260869565217,Medio
2025,7106,PELARCO,7,Maule,9229,23334967.0,5456236.0,3726627.0,8.78,92.1,63.91,33.34,77.24,4.52,2.27,38.19,25.65,83.03,2528.439375880377,591.2055477299816,403.79531910282805,7.598971691777917,30.79613810332135,8.197714779306729,34.79768786127167,49.366085578446864,65.95744680851064,34.73582266221888,80.31628887717449,38.49945893952146,25.935511700636248,80.22361984626136,8.790000000000001,66.0405709992487,1.02,34.81228668941979,15.530941524801998,42.08188671985927,60.336519449301335,50.42642884433425,48.219530162139684,43.31906134008731,269,22.318840579710145,Bajo
2025,7107,PENCAHUE,7,Maule,9181,5506281.0,4323416.0,3459232.0,8.92,91.77,50.17,36.39,70.65,3.29,1.96,39.29,28.22,81.42,599.747413135824,470.90905130160115,376.78161420324585,1.802480873423868,24.529844541668034,7.649291760458555,36.41618497109827,46.751188589540384,51.41314703080343,38.01786290756483,73.3684765419083,39.82205122039196,28.706998813760375,77.41090146750525,10.02,75.2817430503381,1.33,45.39249146757679,11.327205725183484,41.583686780319326,54.266495493425516,60.33711725895744,48.64665050055253,43.23223115168766,271,21.73913043478261,Bajo
2025,7108,RÍO CLARO,7,Maule,14276,8417359.0,8705213.0,4308470.0,8.37,91.52,69.72,37.25,79.15,4.7,2.27,36.26,25.51,82.56,589.6160689268703,609.7795601008686,301.79812272345197,1.7720321315723093,31.76366598309674,6.127002503431797,30.05780346820809,44.77020602218697,72.10754736953531,38.943290648875504,82.32999472851871,36.178910664903206,25.78453574894856,79.40251572327045,8.61,64.68820435762584,1.02,34.81228668941979,13.220900206033614,37.41400474519753,64.46027758230984,49.750245523522814,47.12198737904074,42.39348308722091,284,17.971014492753625,Bajo
2025,7109,SAN CLEMENTE,7,Maule,47380,16227786.0,21802960.0,14995707.0,8.68,93.02,66.5,40.48,72.47,4.67,2.12,38.9,37.42,83.23,342.50287040945545,460.172224567328,316.49867032503164,1.0293581255781183,23.970558858085226,6.425448004496863,33.641618497109825,56.65610142630742,68.69905790197947,42.419025072635314,75.28729573010015,39.35313213899242,38.62827563895179,80.57302585604475,8.64,64.91359879789633,1.17,39.931740614334466,10.475121662720069,45.148859961708624,62.13512623490499,52.4226697061154,52.851477877996324,44.60665108868908,237,31.594202898550726,Bajo
2025,7110,SAN RAFAEL,7,Maule,11230,5649486.0,5212576.0,2962405.0,8.86,93.13,61.13,46.89,79.99,4.97,2.35,42.65,27.62,84.18,503.07088156723063,464.1652715939448,263.7938557435441,1.5119292257723518,24.17855830625839,5.35545284359393,35.72254335260116,57.527733755942926,63.014713665713984,49.31668998170666,83.21560358460727,43.86196946014188,28.059959020813114,82.23270440251575,8.34,62.65965439519158,0.94,32.08191126279863,10.348646791874891,46.62513855427204,65.18233574400931,47.370782828995104,51.384877627823585,44.18235630939498,247,28.695652173913043,Bajo
2025,7201,CAUQUENES,7,Maule,42798,16476758.0,0.0,13568433.0,9.15,93.38,65.63,64.76,77.68,4.32,2.11,38.7,42.65,73.0,384.9889714472639,0.0,317.0342773026777,1.1570458534944381,0.0,6.436321714589155,39.075144508670526,59.508716323296326,67.77813062347835,68.54621758312709,80.78017923036374,39.112660815197785,44.26830583414213,62.700908455625445,8.99,67.54320060105185,1.1800000000000002,40.273037542662124,2.531122522694531,49.29193041598343,72.36817581232306,53.90811907185699,48.69395836832178,45.35866123823596,217,37.391304347826086,Bajo
2025,7202,CHANCO,7,Maule,9446,6465051.0,0.0,1390614.0,8.36,91.51,40.12,37.35,75.98,4.3,2.13,33.88,19.88,71.86,684.4220834215541,0.0,147.2172348083845,2.056962127216181,0.0,2.988754065398254,29.942196531791904,44.690966719492906,40.774849158463,39.05089852577209,78.98787559304165,33.31730191174703,19.713145691793375,60.70929419986024,9.010000000000002,67.69346356123216,1.1600000000000001,39.59044368600683,1.681905397538145,37.31658162564241,52.93787442575891,53.6419536236195,37.913247267800216,36.69831246807183,334,3.4782608695652173,Bajo
2025,7203,PELLUHUE,7,Maule,8578,11525604.0,0.0,5043038.0,9.3,93.11,26.95,20.25,43.34,1.83,1.11,35.64,20.15,81.94,1343.623688505479,0.0,587.9037071578457,4.038126628921167,0.0,11.935420449363336,40.80924855491331,57.36925515055468,26.833915528739283,20.6499515764554,44.57564575645757,35.43344956113983,20.004313598619643,78.319357092942,11.48,86.25093914350113,2.1799999999999997,74.4027303754266,5.324515692761501,49.089251852733994,30.686504287217417,80.32683475946386,44.58570675090049,42.002562668615454,287,17.101449275362317,Bajo
2025,7301,CURICÓ,7,Maule,159968,43294559.0,41797536.0,32616092.0,10.02,95.33,85.73,82.52,88.93,4.62,2.56,54.92,69.05,85.57,270.6451227745549,261.2868573714743,203.89135327065412,0.8133968510775568,13.610538965831639,4.139332679223187,49.13294797687861,74.96038034865295,89.05472636815922,87.65737651996126,92.64101212440697,58.614885174942884,72.73805672382186,84.66107617051013,8.690000000000001,65.28925619834712,0.73,24.914675767918087,6.18775616537746,62.04666416276578,89.78437167084248,45.1019659831326,72.0046726897583,55.025086134375314,41,88.40579710144928,Medio
2025,7302,HUALAÑÉ,7,Maule,10775,5582224.0,7571767.0,1226491.0,8.75,91.38,65.94,40.55,74.98,3.65,2.07,38.66,36.45,79.06,518.0718329466357,702.7161948955917,113.82747099767981,1.5570130849976278,36.604773193584926,2.310886474271298,34.45086705202313,43.660855784469064,68.10627712501324,42.49435058646293,77.93357933579337,39.06456655043885,37.58222797368705,73.2879105520615,9.66,72.57700976709242,1.2200000000000002,41.6382252559727,13.490890917617952,39.055861418246096,62.844735682423185,57.10761751153256,49.978235025395804,44.49546811104312,238,31.30434782608696,Bajo
2025,7303,LICANTÉN,7,Maule,6892,8471933.0,5136691.0,1970889.0,9.37,93.98,45.53,27.11,56.96,3.07,1.53,42.2,33.85,81.0,1229.2415844457341,745.3121009866512,285.96764364480555,3.694362653764216,38.82361131452811,5.8056175190915535,41.618497109826585,64.26307448494458,46.5015348787975,28.03185193156139,58.93516078017923,43.32090898160394,34.77838887091556,76.67714884696018,10.24,76.93463561232157,1.76,60.06825938566552,16.10786382912796,52.94078579738559,44.48951586351271,68.50144749899354,51.592148899826554,46.726352377769274,193,44.34782608695652,Bajo
2025,7304,MOLINA,7,Maule,48949,16797017.0,15727183.0,12130236.0,9.18,93.82,83.35,67.11,88.25,5.91,2.57,45.59,56.9,83.51,343.15342499336043,321.29732987395045,247.8137653476067,1.0313133023224013,16.736508953643547,5.031030501342673,39.421965317919074,62.9952456418383,86.53540806605272,71.07500269019692,91.92409066947813,47.39689791992305,59.63550091663971,81.06219426974147,7.4,55.59729526671675,0.7200000000000002,24.573378839590447,7.599617585769541,51.208605479878685,83.17816714190927,40.085337053153594,62.6981977021014,48.953984992562496,135,61.15942028985507,Bajo
2025,7305,RAUCO,7,Maule,11266,6314590.0,5649401.0,3856970.0,8.84,92.46,71.8,52.22,82.15,4.97,2.35,41.39,33.42,81.1,560.499733712054,501.4557962009586,342.3548730694124,1.6845258978155018,26.121036941907803,6.950371809570453,35.491329479768794,52.218700475435774,74.30930454112416,55.05218982029485,85.49288350026359,42.34700012023566,34.31467701930335,76.85185185185185,8.34,62.65965439519158,0.94,32.08191126279863,11.585311549764585,43.85501497760228,71.6181259538942,47.370782828995104,51.171176330463624,45.12008232814396,224,35.36231884057971,Bajo
2025,7306,ROMERAL,7,Maule,17233,7672423.0,8298889.0,4566118.0,9.01,93.27,75.65,44.98,81.41,5.01,2.38,45.28,40.34,85.69,445.21690941797715,481.56960482794636,264.9636163175303,1.3380548980693154,25.085157122741986,5.3792009236036815,37.456647398843934,58.63708399366083,78.38467238276704,47.26137953298181,84.71270426989985,47.02416736804136,41.777202631295154,84.87071977638016,8.3,62.35912847483096,0.9100000000000001,31.058020477815703,10.600804314804995,48.04686569625238,70.11958539521623,46.708574476323335,57.89069659190556,46.6733052949005,196,43.47826086956522,Bajo
2025,7307,SAGRADA FAMILIA,7,Maule,19427,9434320.0,10268464.0,5951837.0,8.58,92.33,80.82,45.69,87.32,5.31,2.58,41.54,42.0,82.45,485.6292788387296,528.5666340659907,306.3693313429763,1.4595102329907006,27.53325154340137,6.219805620968744,32.48554913294798,51.18858954041203,83.85730919868742,48.02539545894759,90.94359515023721,42.52735361308164,43.56734605844926,79.2103424178896,8.0,60.105184072126214,0.71,24.232081911262796,11.737522465786938,41.83706933668,74.27543326929073,42.16863299169451,55.1016806964735,45.02406775198513,227,34.492753623188406,Bajo
2025,7308,TENO,7,Maule,30113,9501716.0,14149711.0,4275630.0,8.65,92.21,73.97,41.92,82.71,5.04,2.41,40.13,31.7,85.0,315.53535018098495,469.8871251618902,141.98618536844552,0.9483099403740564,24.47661199225984,2.8825550846860692,33.294797687861276,50.23771790808236,76.60633005186833,43.9685784999462,86.08328940432261,40.83203078032945,32.45982961285452,83.66526904262754,8.27,62.133734034560476,0.8799999999999999,30.03412969283276,9.435825672439988,41.76625779797182,68.88606598537905,46.08393186369662,52.319043145270506,43.69822489295159,255,26.3768115942029,Bajo
2025,7309,VICHUQUÉN,7,Maule,4716,6146886.0,3485303.0,2210287.0,9.17,93.05,24.15,14.41,40.91,1.81,1.07,37.43,16.05,81.52,1303.410941475827,739.0379558948262,468.67832909245124,3.917271239133324,38.49678853779671,9.514947507758423,39.30635838150289,56.89381933438984,23.870011643908114,14.365651565694609,42.01370585134423,37.585667909101836,15.582875013479997,77.58560447239692,11.5,86.40120210368144,2.2199999999999998,75.76791808873719,17.30966909489615,48.10008885794636,26.749789686982314,81.08456009620932,43.58471579832625,43.36576470687208,267,22.89855072463768,Bajo
2025,7401,LINARES,7,Maule,96744,31057142.0,40561784.0,21931076.0,9.81,95.08,76.96,65.23,82.77,4.23,2.33,48.35,56.16,82.6,321.02396014223103,419.2692466716282,226.6918465227818,0.9648054087331492,21.839906057295906,4.60222051290026,46.70520231213874,72.97939778129953,79.77135598602732,69.05197460454106,86.14654717975752,50.71540218828905,58.83748517200473,79.4723969252271,9.08,68.21938392186327,0.96,32.76450511945392,9.135643992976439,59.84230004671913,78.32329259010864,50.49194452065859,63.00842809517363,52.160321849127286,74,78.84057971014494,Medio
2025,7402,COLBÚN,7,Maule,22637,21422307.0,13198393.0,8677039.0,8.82,93.3,71.4,31.72,75.75,4.47,2.14,39.19,28.23,83.97,946.3403719574148,583.0451473251755,383.31223218624376,2.84413135070208,30.371059518031107,7.781874138273576,35.260115606936424,58.874801901743254,73.88588970043402,32.99257505649414,78.74538745387454,39.701815558494644,28.7177828103095,81.86582809224319,8.84,66.41622839969948,1.15,39.24914675767918,13.665688335668923,47.06745875433984,61.8746174036009,52.83268757868933,50.095142153682445,45.10711884519629,225,35.07246376811594,Bajo
2025,7403,LONGAVÍ,7,Maule,33299,13423039.0,18300221.0,10697203.0,8.32,92.14,72.74,21.35,81.71,5.62,2.36,33.56,22.13,79.66,403.10636956064747,549.5726898705667,321.2469743836151,1.211495881723545,28.627465557541942,6.521846453206416,29.479768786127174,49.683042789223464,75.30432941674606,21.833638222317877,85.02899314707433,32.9325477936756,22.139544915345624,74.3361285814116,7.69,57.77610818933133,0.9300000000000002,31.740614334470997,12.120269297490635,39.58140578767532,60.72232026204608,44.758361261901165,43.13607376347761,40.063686074518166,315,8.985507246376812,Bajo
2025,7404,PARRAL,7,Maule,45323,19404356.0,16365141.0,12477522.0,9.13,93.09,70.57,58.02,80.03,4.39,2.18,41.54,44.12,81.59,428.1348542682523,361.07806191117095,275.3022085916643,1.2867164895797105,18.808703509958832,5.5890914960630225,38.84393063583816,57.21077654516644,73.00730390600191,61.293446680297,83.25777543489721,42.52735361308164,45.85355332686293,77.70789657582112,8.920000000000002,67.01728024042075,1.1099999999999999,37.883959044368595,8.561503831867189,48.0273535905023,72.51950867373203,52.45061964239467,55.362934505255225,47.38438404875028,181,47.82608695652174,Bajo
2025,7405,RETIRO,7,Maule,22310,9201716.0,13003526.0,7701495.0,8.43,92.73,63.22,32.99,79.25,4.57,2.2,34.03,32.37,76.64,412.44805020170327,582.8563872702824,345.20372030479604,1.2395713686907956,30.36122692978629,7.008208134016662,30.751445086705203,54.358161648177536,65.2270562083201,34.35919509308082,82.43542435424355,33.497655404593004,33.18235738164563,69.06009783368275,8.74,65.6649135987979,1.0899999999999999,37.2013651877133,12.86966881083125,42.554803367441366,60.67389188521482,51.4331393932556,45.246703539973794,42.55564139934337,282,18.55072463768116,Bajo
2025,7406,SAN JAVIER,7,Maule,49559,17034542.0,22654902.0,10750310.0,9.04,93.54,68.57,62.93,79.44,4.99,2.23,41.29,53.17,80.0,343.7224722048467,457.12992594685124,216.9194293670171,1.0330235168098907,23.812084282148845,4.403824234495254,37.803468208092475,60.7765451664026,70.89022970255108,66.5769934359195,82.63574064312071,42.22676445833834,55.61307020381753,74.93011879804334,8.32,62.509391435011274,1.06,36.177474402730375,9.74964401115133,49.29000668724754,73.36765459386378,49.343432918870825,57.589984486733066,47.868144539573315,166,52.17391304347826,Bajo
2025,7407,VILLA ALEGRE,7,Maule,17919,9129728.0,9318267.0,6778990.0,8.84,93.21,70.21,56.97,80.33,4.74,2.19,39.21,45.7,79.95,509.4998604832859,520.021597187343,378.31296389307437,1.5312508789850694,27.088137087315456,7.680380699311253,35.491329479768794,58.161648177496,72.62623054938075,60.16356397288282,83.5740643120717,39.725862690874116,47.55742478162407,74.8427672955975,8.57,64.38767843726522,1.1,37.54266211604096,12.09992288853726,46.82648882863239,72.12128627811175,50.96517027665309,54.042018256031895,47.210977305593275,184,46.95652173913044,Bajo
2025,7408,YERBAS BUENAS,7,Maule,20035,10497264.0,8847036.0,6952750.0,8.35,92.11,79.43,26.36,84.79,5.58,2.47,35.07,25.39,82.76,523.9462939855254,441.57903668579985,347.0301971549788,1.5746681901841746,23.002032118139848,7.04528864377114,29.826589595375726,49.44532488114105,82.3859426272891,27.224792854836977,88.27622561939906,34.74810628832511,25.655127790359106,79.75192173305382,7.73,58.07663410969196,0.8199999999999998,27.98634812286689,10.540662984031721,39.635957238258385,65.96232036717504,43.031491116279426,46.71838527057935,41.17776339526478,299,13.623188405797102,Bajo
2025,8101,CONCEPCIÓN,8,Biobío,230375,59537995.0,0.0,36334637.0,11.88,97.17,84.92,82.99,86.24,3.12,2.27,70.82,76.72,90.33,258.4394791101465,0.0,157.71953119913184,0.7767140096495423,0.0,3.2019681029714953,70.63583815028903,89.54041204437405,88.19731131576162,88.16313354137523,89.80495519240907,77.73235541661656,81.00938207699774,92.9769392033543,10.190000000000001,76.55897821187078,1.02,34.81228668941979,1.3262273708736791,80.08812509733154,88.72180001651532,55.685632450645286,83.9062255656562,61.945602100204404,7,98.26086956521739,Medio
2025,8102,CORONEL,8,Biobío,123648,41733319.0,0.0,23368108.0,9.86,95.11,87.25,84.83,89.66,4.91,2.7,52.77,76.44,82.66,337.51713735766043,0.0,188.9889686853002,1.0143740034810005,0.0,3.8367895525873905,47.28323699421965,73.21711568938196,90.66370276278184,90.14311847627246,93.4106483921982,56.029818444150536,80.70743017362234,79.57721872816212,8.4,63.11044327573253,0.5899999999999999,20.13651877133105,1.6170545186894636,60.2501763418008,91.4058232104175,41.62348102353179,72.104822448645,53.4002715086169,57,83.76811594202898,Medio
2025,8103,CHIGUAYANTE,8,Biobío,85822,25644577.0,0.0,19132908.0,11.06,96.65,93.62,92.54,93.78,3.49,2.8,64.95,81.93,88.05,298.81122555987974,0.0,222.9371023746825,0.8980472562939626,0.0,4.525992978455882,61.15606936416186,85.419968304279,97.40658410077275,98.43968578499947,97.75434897206115,70.67452206324396,86.62784427908984,88.9937106918239,9.82,73.77911344853494,0.4900000000000002,16.723549488054616,1.8080134115832818,73.28801883422042,97.86687295261112,45.25133146829478,82.09869234471924,60.062585802285774,13,96.52173913043478,Medio
2025,8104,FLORIDA,8,Biobío,12958,6110041.0,0.0,1639717.0,9.15,92.18,28.48,29.34,70.63,3.76,1.92,41.46,20.28,81.19,471.52654730668314,0.0,126.54090137366877,1.417125883691659,0.0,2.568990199496482,39.075144508670526,50.00000000000006,28.453477294379166,30.431507586355327,73.3473906167633,42.43116508356378,20.144505553758222,77.00908455625436,9.55,71.75056348610069,1.37,46.75767918088737,1.3287053610627135,44.53757225433529,44.077458499165935,59.25412133349403,46.52825173119212,39.145221835850016,319,7.82608695652174,Bajo
2025,8105,HUALQUI,8,Biobío,25795,9713034.0,0.0,7957312.0,9.36,93.78,67.79,56.43,78.8,4.47,2.37,45.84,57.06,83.48,376.54716030238416,0.0,308.4827292110874,1.1316748343079723,0.0,6.262711103321693,41.5028901734104,62.67828843106182,70.06457076320525,59.582481437641235,81.96099103848181,47.69748707466634,59.80804486142565,81.00978336827394,8.84,66.41622839969948,0.9199999999999999,31.39931740614334,2.4647953125432216,52.09058930223611,70.53601441310943,48.90777290292141,62.838438434788635,47.36752207311976,182,47.53623188405797,Bajo
2025,8106,LOTA,8,Biobío,39980,0.0,0.0,0.0,9.44,94.18,81.79,76.23,83.48,5.5,2.5,43.44,70.33,79.18,0.0,0.0,0.0,0.0,0.0,0.0,42.42774566473988,65.84786053882733,84.88409018736108,80.88884106316583,86.8950975224038,44.81183118913069,74.11840828210934,73.49755415793153,7.8100000000000005,58.67768595041323,0.79,26.96245733788396,0.0,54.137803101783604,84.22267625764357,42.8200716441486,64.14259787639052,49.06462977599326,133,61.73913043478261,Bajo
2025,8107,PENCO,8,Biobío,48971,14957337.0,17458674.0,9674008.0,10.11,95.54,91.35,89.47,93.42,4.87,2.78,55.82,71.59,86.84,305.43254170835803,356.5104653774683,197.5456494660105,0.9179469598243586,18.570775543632635,4.010504365957914,50.17341040462428,76.62440570522988,95.00370487985604,95.13612396427419,97.37480231945177,59.69700613201875,75.47719184729861,86.87980433263454,8.440000000000001,63.41096919609317,0.5100000000000002,17.406143344709903,7.833075623138303,63.39890805492708,95.83821038786067,40.40855627040153,74.01800077065063,56.29935022139564,34,90.43478260869566,Medio
2025,8108,SAN PEDRO DE LA PAZ,8,Biobío,150992,35189887.0,0.0,25533640.0,10.91,95.9,89.57,88.48,90.33,4.12,2.65,66.72,80.55,90.24,233.05795671293842,0.0,169.10591289604747,0.7004323823222289,0.0,3.4331305387496647,59.42196531791908,79.47702060221877,93.11950883878481,94.07080598299797,94.11702688455456,72.8026932788265,85.13965275531112,92.81970649895179,9.190000000000001,69.045830202855,0.6400000000000001,21.843003412969285,1.3778543070239646,69.44949296006892,93.76911390211245,45.44441680791214,83.58735084436313,58.72564576429612,20,94.4927536231884,Medio
2025,8109,SANTA JUANA,8,Biobío,14947,8215921.0,0.0,1677344.0,8.96,92.87,48.66,50.44,71.93,4.02,1.98,40.48,33.71,81.35,549.6702348297317,0.0,112.21944202850071,1.6519789219109464,0.0,2.278240818854881,36.87861271676302,55.46751188589545,49.81475600719805,53.13676961153556,74.71797575118609,41.25285559697006,34.627412919227865,77.28860936408107,9.290000000000001,69.79714500375658,1.31,44.7098976109215,1.3100732469219425,46.17306230132924,59.223167123306574,57.25352130733904,51.05629262675967,43.003223321131294,276,20.28985507246377,Bajo
2025,8110,TALCAHUANO,8,Biobío,147322,41193110.0,21226875.0,32650514.0,10.82,96.34,91.2,87.2,91.23,4.44,2.73,60.44,76.14,87.94,279.6127530172004,144.0848956707077,221.62687175031564,0.8403481669786815,7.505440980239872,4.499393123416609,58.38150289017342,82.96354992076076,94.84492431459724,92.69342515872164,95.06589351607802,65.25189371167488,80.38391027714871,88.80153738644306,8.870000000000001,66.64162283996995,0.56,19.112627986348123,4.281727423545054,70.6725264054671,94.20141432979896,42.877125413159035,78.14578045842222,58.035714806078474,24,93.33333333333333,Medio
2025,8111,TOMÉ,8,Biobío,56907,24039931.0,32276300.0,17415754.0,10.13,95.42,72.28,59.43,79.91,3.72,2.26,49.28,58.6,82.54,422.44242360342315,567.1762700546506,306.03887043773176,1.2696084584787537,29.54444322891782,6.213096716435315,50.404624277456655,75.6735340729002,74.81740234995237,62.810717744538906,83.13125988402741,51.83359384393411,61.46878032999029,79.36757512229212,9.59,72.0510894064613,1.0300000000000002,35.153583617747444,12.342382801277296,63.03907917517843,73.58645999283958,53.60233651210437,64.22331643207217,53.358714982694366,58,83.47826086956522,Medio
2025,8112,HUALPÉN,8,Biobío,87731,26723155.0,15956872.0,21955091.0,10.84,96.46,91.63,90.89,91.66,4.23,2.71,61.04,78.43,88.54,304.6033329153891,181.88407746406628,250.25465342923255,0.9154548557207549,9.47441577618086,5.080584578259256,58.61271676300578,83.9144215530903,95.30009526833916,96.66415581620575,95.51924090669478,65.97330768305879,82.85344548689746,89.84975541579317,9.08,68.21938392186327,0.5800000000000001,19.795221843003414,5.156818403386957,71.26356915804804,95.82783066374657,44.00730288243334,79.55883619524981,59.162871460572944,19,94.78260869565217,Medio
2025,8201,LEBU,8,Biobío,25246,9588225.0,19848056.0,2798203.0,9.03,93.79,73.42,70.58,81.96,4.19,2.46,42.7,56.97,78.41,379.79184821357836,786.1861681058385,110.83747920462648,1.1414264193453765,40.95275814117769,2.2501846811787503,37.6878612716763,62.757527733756,76.02413464591935,74.80899601850855,85.2925672113864,43.92208729109054,59.71098889248355,72.15234102026555,9.120000000000001,68.5199098422239,0.8300000000000001,28.327645051194537,14.781456413900607,50.22269450271615,78.70856595860477,48.42377744670922,58.59513906794655,50.14632667797546,107,69.27536231884058,Medio
2025,8202,ARAUCO,8,Biobío,37163,16048351.0,23167144.0,5625618.0,9.35,93.98,68.0,62.51,84.01,4.23,2.45,45.36,50.02,82.92,431.8368000430536,623.3927293275569,151.3768533218524,1.2978423173988638,32.47278152022031,3.0732012210510176,41.38728323699422,64.26307448494458,70.28686355456759,66.12504035295383,87.4538745387454,47.120355897559214,52.21611129084439,80.03144654088051,9.08,68.21938392186327,0.8399999999999999,28.668941979522177,12.281275019556729,52.8251788609694,74.6219261487556,48.44416295069272,59.78930457642804,49.592369511280495,119,65.79710144927536,Bajo
2025,8203,CAÑETE,8,Biobío,34640,13235274.0,19110688.0,4080874.0,8.85,93.41,57.81,43.99,83.49,4.14,2.38,39.26,30.86,80.53,382.08065819861434,551.6942263279445,117.80814087759815,1.1483052088667156,28.737977256871396,2.391700675829285,35.60693641618497,59.74643423137874,59.50037048798561,46.19606155170558,86.90564048497627,39.785980521822765,31.553973902728348,75.85604472396926,9.170000000000002,68.89556724267469,0.9100000000000001,31.058020477815703,10.759327713855798,47.676685323781854,64.20069084155581,49.976793860245195,49.06533304950679,44.33576615778909,243,29.855072463768117,Bajo
2025,8204,CONTULMO,8,Biobío,5905,5683858.0,4222468.0,908666.0,8.74,92.73,48.7,41.95,72.26,2.77,1.97,30.92,32.05,75.55,962.5500423370025,715.0665537679932,153.88077900084673,2.8928478940064446,37.24810842431888,3.1240350657587377,34.33526011560694,54.358161648177536,49.85709749126707,44.00086086301518,75.06589351607803,29.758326319586388,32.83726949207376,67.15583508036337,10.540000000000001,79.1885800150263,1.32,45.051194539249146,14.421663794694688,44.346710881892236,56.30795062345343,62.11988727713772,43.25047696400784,44.089337908237184,252,27.246376811594203,Bajo
2025,8205,CURANILAHUE,8,Biobío,31119,10751603.0,19669307.0,4629564.0,9.18,93.77,76.46,66.45,79.92,3.96,2.35,41.1,59.03,79.78,345.49963045084996,632.0674507535589,148.76969054275523,1.0383645881964594,32.924651297269506,3.0202714919651275,39.421965317919074,62.599049128367646,79.24208743516459,70.36479070267944,83.1418028465999,41.99831670073343,61.93249218160249,74.54577218728163,9.350000000000001,70.24793388429754,0.94,32.08191126279863,12.327762459143697,51.010507223143364,77.58289366148131,51.16492257354808,59.49219368987252,50.315655921437795,103,70.43478260869566,Medio
2025,8206,LOS ÁLAMOS,8,Biobío,21950,7968590.0,13590141.0,6739446.0,8.72,93.52,73.37,52.52,81.91,4.04,2.36,34.99,43.24,81.24,363.03371298405466,619.140820045558,307.03626423690207,1.0910615197828564,32.25129783158781,6.23334546500034,34.10404624277458,60.61806656101424,75.97120779083309,55.375013450984625,85.23985239852398,34.65191775880726,44.90456163054028,77.0964360587002,9.27,69.64688204357626,0.9300000000000002,31.740614334470997,13.191901605457003,47.36105640189441,72.19535788011389,50.69374818902362,52.21763848268258,47.1319405118343,185,46.666666666666664,Bajo
2025,8207,TIRÚA,8,Biobío,10208,6004951.0,8160291.0,3461931.0,8.16,91.65,34.72,22.26,71.06,4.72,2.08,30.62,2.49,77.39,588.2593064263323,799.4015478056426,339.13900862068965,1.7679545175577498,41.64115265960815,6.885084426898174,27.630057803468212,45.80031695721082,35.058748809145754,22.812869902076837,73.80073800738008,29.397619333894436,0.9597756928717784,70.37037037037038,8.59,64.53794139744554,1.21,41.29692832764505,16.764730534688024,36.715187380339515,43.89078557286755,52.91743486254529,33.57592179904553,36.77281202989718,333,3.768115942028986,Bajo
2025,8301,LOS ÁNGELES,8,Biobío,219441,58319606.0,58288664.0,50240541.0,9.94,94.69,67.13,59.38,82.2,3.97,2.35,50.73,55.29,85.11,265.76440136528726,265.62339763307676,228.94783107988025,0.7987283309705379,13.836431116708269,4.648020741557453,48.20809248554913,69.88906497622821,69.36593627606648,62.75691380609061,85.54559831312599,53.577010941445224,57.899277472231205,83.85744234800839,9.34,70.17280240420736,0.94,32.08191126279863,6.42772672974542,59.04857873088867,72.55614946509435,51.12735683350299,65.11124358722827,50.85421106929194,96,72.46376811594203,Medio
2025,8302,ANTUCO,8,Biobío,4373,6363409.0,3113062.0,2083570.0,9.32,94.84,52.43,31.06,62.05,2.66,1.64,40.68,21.94,82.7,1455.1587011205122,711.8824605533958,476.4623828035673,4.373333955459743,37.08224771014409,9.672976710009488,41.04046242774567,71.0776545166403,53.80544088070287,32.28236306897665,64.30152872957301,41.493326920764694,21.934648980912325,79.64709993011881,10.65,80.01502629601804,1.6500000000000001,56.31399317406144,17.042852791871105,56.05905847219299,50.129777559750835,68.16450973503973,47.69169194393194,47.81757810055732,168,51.59420289855072,Bajo
2025,8303,CABRERO,8,Biobío,31256,14592608.0,13713140.0,11219771.0,9.19,93.31,66.84,59.8,83.99,3.83,2.36,42.74,45.06,80.14,466.87381622728435,438.73624264141284,358.96375095981574,1.4031425657212624,22.853949816939544,7.287559580970022,39.53757225433526,58.954041204437424,69.05896051656612,63.20886688905628,87.43278861360042,43.970181555849464,46.867249002480314,75.1747030048917,9.48,71.22464312546958,0.9300000000000002,31.740614334470997,10.514883987876942,49.245806729386345,73.23353867307428,51.48262872997029,55.33737785440716,47.962847194943,163,53.04347826086957,Bajo
2025,8304,LAJA,8,Biobío,23706,10143626.0,13694376.0,2341440.0,9.28,92.75,64.29,55.62,82.66,4.08,2.35,43.0,45.62,77.03,427.8927697629292,577.6755251834978,98.76993166287016,1.2859889288082258,30.091353710680856,2.0051934488562915,40.57803468208092,54.516640253565775,66.3596909071663,58.71085763477887,86.0305745914602,44.28279427678249,47.47115280923109,69.74143955276033,9.23,69.34635612321563,0.94,32.08191126279863,11.127512029448459,47.54733746782335,70.36704104446845,50.71413369300713,53.83179554625797,46.71756395620107,194,44.05797101449275,Bajo
2025,8305,MULCHÉN,8,Biobío,29036,9265760.0,18357958.0,1215603.0,8.82,92.95,69.4,65.57,84.87,5.02,2.5,39.34,51.13,78.96,319.1128254580521,632.248174679708,41.865374018459846,0.9590616845597373,32.934065280290525,0.8499365373894662,35.260115606936424,56.10142630744852,71.76881549698318,69.41784138598945,88.36056931997892,39.882169051340625,53.41313490779683,73.11320754716981,8.290000000000001,62.2839969947408,0.79,26.96245733788396,11.581021167413242,45.68077095719247,76.51574206765052,44.623227166312375,55.46950383543575,46.77405303880087,192,44.63768115942029,Bajo
2025,8306,NACIMIENTO,8,Biobío,26140,11047632.0,12024440.0,1552845.0,9.27,93.36,69.84,66.73,80.57,4.11,2.36,45.25,50.62,79.86,422.63320581484317,460.00153022188215,59.40493496557001,1.2701818353363146,23.96166732001359,1.2060187186246105,40.46242774566473,59.35023771790809,72.23457182174236,70.6660927579899,83.82709541381128,46.988096669472164,52.86315108379165,74.68553459119498,9.2,69.12096168294515,0.9300000000000002,31.740614334470997,8.81262262465817,49.90633273178641,75.57591999784785,50.43078800870808,58.17892744815293,48.58091816223069,146,57.971014492753625,Bajo
2025,8307,NEGRETE,8,Biobío,10723,5501578.0,6132748.0,3845207.0,8.68,92.65,62.72,48.04,82.54,4.14,2.43,39.45,23.95,84.26,513.063321831577,571.9246479529983,358.5943299449781,1.541960505709254,29.791788170259714,7.2800597215861895,33.641618497109825,53.724247226624456,64.6977876574574,50.554180566017436,85.90405904059043,40.014428279427676,24.102232287285666,82.37246680642909,9.170000000000002,68.89556724267469,0.8599999999999999,29.35153583617747,12.87126946585172,43.682932861867144,67.05200908802175,49.123551539426074,48.829709124380805,44.31189441590949,244,29.565217391304348,Bajo
2025,8308,QUILACO,8,Biobío,4440,3658526.0,2844295.0,1773848.0,8.67,93.11,49.96,43.88,67.82,3.18,1.81,30.68,24.49,77.7,823.9923423423423,640.606981981982,399.5153153153153,2.476426582907905,33.36947896178975,8.110823602899984,33.52601156069365,57.36925515055468,51.190854239441094,46.07769288711934,70.38481813389562,29.469760731032824,24.684568100938204,70.91194968553461,10.13,76.10818933132984,1.48,50.51194539249146,14.652243049199214,45.44763335562416,55.88445508681868,63.310067361910654,41.688759505835215,44.19663167187758,246,28.985507246376812,Bajo
2025,8309,QUILLECO,8,Biobío,9700,5887975.0,6013064.0,4358568.0,8.81,93.16,59.46,44.87,76.99,3.78,2.15,35.88,30.41,75.89,607.0077319587629,619.9035051546392,449.33690721649486,1.8243010355899412,32.29102640997953,9.12228456080396,35.14450867052024,57.765451664025335,61.246956705832545,47.143010868395564,80.05271481286242,35.7220151496934,31.068694058017897,67.74982529699511,9.530000000000001,71.60030052592037,1.1400000000000001,38.907849829351534,14.412537335457811,46.45498016727279,62.81422746236351,55.254075177635954,44.846844834902136,44.756532995526435,233,32.7536231884058,Bajo
2025,8310,SAN ROSENDO,8,Biobío,3575,3764984.0,1871407.0,1718008.0,9.61,93.98,53.83,51.37,68.29,2.73,1.91,39.61,41.57,77.63,1053.1423776223776,523.4704895104895,480.5616783216783,3.1651140981688135,27.26779129505238,9.756199208794834,44.39306358381502,64.26307448494458,55.28739282311845,54.137522866673834,70.88033737480232,40.20680533846338,43.10363420683705,70.78965758211041,10.58,79.48910593538693,1.3800000000000001,47.098976109215016,13.39636820067201,54.3280690343798,60.101751021531534,63.29404102230097,51.36669904247028,48.49738566427092,149,57.10144927536231,Bajo
2025,8311,SANTA BÁRBARA,8,Biobío,14075,5983436.0,7569194.0,2855099.0,8.93,92.96,64.52,47.22,79.2,4.39,2.2,36.66,28.04,78.88,425.1109058614565,537.7757726465364,202.84895204262878,1.2776283150480838,28.012959327991787,4.118170205195659,36.531791907514446,56.18066561014259,66.60315444056315,49.67179597546541,82.38270954138113,36.65985331249248,28.512886875876198,72.97344514325647,8.920000000000002,67.01728024042075,1.0899999999999999,37.2013651877133,11.13625261607851,46.35622875882852,66.21921998580324,52.10932271406702,46.04872844387504,44.37395050373046,242,30.144927536231886,Bajo
2025,8312,TUCAPEL,8,Biobío,15729,7463899.0,8245366.0,3084308.0,9.26,94.08,68.66,58.05,77.86,2.99,2.02,39.62,45.66,77.37,474.5310572827262,524.2142539258695,196.09053340962552,1.4261556379635667,27.306534286792434,3.9809630963177973,40.346820809248555,65.0554675118859,70.98549804170636,61.325729043365975,80.96995255666842,40.218828904653115,47.514288795427575,70.33542976939205,10.32,77.53568745304283,1.27,43.344709897610926,10.9045510070246,52.701144160567225,71.09372654724693,60.440198675326876,52.689515823157585,49.565827242664646,121,65.21739130434783,Bajo
2025,8313,YUMBEL,8,Biobío,23170,12360339.0,9835185.0,3998826.0,9.15,92.66,42.62,37.61,61.03,2.56,1.64,35.24,31.47,74.05,533.4630556754424,424.47928355632286,172.5863616745792,1.6032698657350848,22.111299003523357,3.5037894222002772,39.075144508670526,53.80348652931852,43.42119191277654,39.33067900570322,63.22614654717976,34.95250691355056,32.211797692224735,64.53529000698812,10.75,80.7663410969196,1.6500000000000001,56.31399317406144,9.072786097152907,46.43931551899452,48.65933915521984,68.54016713549052,43.899864870921135,43.322294555555786,268,22.608695652173914,Bajo
2025,8314,ALTO BIOBÍO,8,Biobío,6016,4391223.0,4425122.0,2764905.0,7.2,85.87,28.06,19.13,62.54,8.86,2.17,21.87,4.78,57.59,729.9240359042553,735.5588430851063,459.59192154255317,2.1937136950548513,38.315560132588814,9.330478362281195,16.531791907514457,0.0,28.008891711654492,19.444743355213603,64.81813389562467,18.876998917879042,3.429310902620511,35.77917540181692,4.450000000000001,33.433508640120216,1.12,38.225255972696246,16.613250729974954,8.265895953757228,37.42392298749758,35.829382306408235,19.361828407438825,23.498856077015365,344,0.5797101449275363,Crítico
2025,9101,TEMUCO,9,La Araucanía,292518,81831289.0,61297251.0,48955645.0,11.02,96.38,80.72,77.08,83.57,3.7,2.26,60.33,68.63,87.79,279.7478753444232,209.55035587553587,167.35942745403702,0.8407542636204631,10.915563502273736,3.397673987268029,60.69364161849711,83.28050713153723,83.75145548851488,81.80350801678684,86.98998418555614,65.11963448358783,72.28512886875876,88.53948287910553,9.61,72.20135236664161,1.0300000000000002,35.153583617747444,5.051330584387409,71.98707437501717,84.18164923028594,53.67746799219453,75.31474874381739,58.04245418514049,22,93.91304347826087,Medio
2025,9102,CARAHUE,9,La Araucanía,24957,11235339.0,0.0,6207689.0,8.39,92.48,57.81,40.93,73.78,4.06,2.14,32.07,20.56,73.37,450.18788315903356,0.0,248.7353848619626,1.352994662533989,0.0,5.049740906234238,30.289017341040473,52.37717908082412,59.50037048798561,42.90326051866997,76.66842382709542,31.14103643140555,20.44645745713361,63.34730957372469,9.25,69.49661908339594,1.15,39.24914675767918,2.134245189589409,41.3330982109323,59.690684944583666,54.37288292053756,38.311601154087946,39.16850248394618,318,8.115942028985506,Bajo
2025,9103,CUNCO,9,La Araucanía,19177,9963604.0,8479283.0,4681677.0,9.08,94.37,51.66,35.88,66.89,3.43,1.82,33.97,23.24,77.63,519.5600980341034,442.15899254315065,244.12979089534338,1.5614859168865043,23.03224225528315,4.956239709114056,38.26589595375723,67.3534072900159,52.990367312374296,37.469062735392235,69.40432261465472,33.4255140074546,23.336568532298067,70.78965758211041,9.88,74.22990232907588,1.47,50.17064846416381,9.849989293761238,52.80965162188656,53.287917554140414,62.200275396619844,42.51724670728769,44.13301611473915,249,28.115942028985508,Bajo
2025,9104,CURARREHUE,9,La Araucanía,7733,4389637.0,3531651.0,4023903.0,8.36,93.02,21.66,16.94,61.98,4.63,1.74,31.03,14.41,79.29,567.6499418078365,456.69869390922025,520.3547135652399,1.706015133202549,23.789621229431475,10.564063831530957,29.942196531791904,56.65610142630742,21.234254260611834,17.08813085117831,64.22772799156563,29.89058554767344,13.814299579424135,73.68972746331238,8.68,65.21412471825695,1.55,52.901023890784984,12.01990006472166,43.29914897904966,34.18337103445192,59.05757430452097,39.131537530136654,37.538306382576174,328,5.217391304347826,Bajo
2025,9105,FREIRE,9,La Araucanía,26164,10402735.0,8461907.0,7432449.0,8.79,93.41,42.15,25.38,73.03,4.02,2.08,32.1,20.2,73.25,397.59727105947104,323.41794068185294,284.071586913316,1.1949388371066145,16.846972435514303,5.76712442232988,34.913294797687854,59.74643423137874,42.923679474965596,26.17023566125041,75.8777016341592,31.17710712997475,20.05823358136525,63.13766596785465,9.290000000000001,69.79714500375658,1.21,41.29692832764505,7.936345231650267,47.3298645145333,48.32387225679173,55.547036665700816,38.12433555973155,39.45229084568153,316,8.695652173913043,Bajo
2025,9106,GALVARINO,9,La Araucanía,12710,6349407.0,9642547.0,3035864.0,8.03,90.97,33.29,34.82,76.13,5.79,2.32,26.59,13.44,73.03,499.5599527930763,758.6583005507474,238.856333595594,1.5013774804463014,39.51882029304418,4.849179778503049,26.1271676300578,40.41204437400949,33.545040753678414,36.32841924028839,79.14602003162888,24.55212215943249,12.768251914159388,62.75331935709295,7.5200000000000005,56.498873027798645,0.9700000000000002,33.10580204778157,15.289792517331177,33.26960600203365,49.67316000853189,44.80233753779011,33.35789781022827,35.27855877518302,339,2.0289855072463765,Bajo
2025,9107,GORBEA,9,La Araucanía,14148,7259772.0,8430891.0,3182499.0,9.25,94.3,62.0,56.8,80.99,3.37,2.11,34.97,32.63,77.36,513.1306191687871,595.9069126378287,224.94338422391857,1.5421627611262791,31.041034118813908,4.566723827945371,40.23121387283237,66.79873217115689,63.93564094421509,59.98063058215861,84.26989984185556,34.62787062642779,33.46274129192279,70.31795946890287,9.940000000000001,74.68069120961684,1.1800000000000002,40.273037542662124,12.383306902628519,53.51497302199463,69.39539045607641,57.47686437613948,46.13619046241782,47.781345043851374,170,51.01449275362319,Bajo
2025,9108,LAUTARO,9,La Araucanía,41936,14310198.0,20873223.0,14882292.0,9.33,94.13,66.76,58.03,78.48,4.59,2.3,41.36,47.64,78.17,341.2389832125143,497.739960892789,354.8810568485311,1.025559639000677,25.927477565208832,7.204674118281081,41.15606936416185,65.45166402535656,68.97427754842809,61.30420746798666,81.62361623616236,42.31092942166646,49.64952011215356,71.73305380852551,8.72,65.51465063861758,0.9900000000000002,33.78839590443686,11.38590377416353,53.30386669475921,70.63403375085903,49.651523271527225,54.56450111411518,47.907965721084835,165,52.46376811594203,Bajo
2025,9109,LONCOCHE,9,La Araucanía,25158,9725327.0,11103975.0,4252908.0,9.08,94.29,58.27,48.07,74.75,3.9,2.03,37.22,41.24,76.05,386.56995786628505,441.3695444788934,169.04793703792035,1.1617973500728538,22.99111958364109,3.431953532661363,38.26589595375723,66.71949286846282,59.987297554779296,50.58646292908641,77.69109119662625,37.33317301911747,42.747762320716056,68.0293501048218,9.41,70.69872276483846,1.2600000000000002,43.00341296928328,9.194956822125102,52.49269441111002,62.754950560163984,56.85106786706088,49.37009514821845,46.13275296173568,205,40.869565217391305,Bajo
2025,9110,MELIPEUCO,9,La Araucanía,6796,6155570.0,2483693.0,2672896.0,8.91,93.18,47.09,30.91,69.12,4.12,1.88,32.07,7.26,80.74,905.763684520306,365.4639493819894,393.30429664508534,2.722182174414889,19.03716617708969,7.984729621274288,36.30057803468208,57.923930269413695,48.15285275748915,32.120951253631766,71.7554032683184,31.14103643140555,6.1037420468025445,76.22292103424179,9.190000000000001,69.045830202855,1.4100000000000001,48.122866894197955,9.914692657592957,47.11225415204789,50.676402426479775,58.58434854852648,37.82256650414996,40.82205285775941,304,12.173913043478262,Bajo
2025,9111,NUEVA IMPERIAL,9,La Araucanía,33988,12438045.0,0.0,13124791.0,8.92,93.31,67.23,43.19,78.37,5.04,2.29,35.35,33.11,72.8,365.9540131811228,0.0,386.15955631399316,1.0998381899853156,0.0,7.839679541108331,36.41618497109827,58.954041204437424,69.47178998623903,45.33519853653287,81.50764364786505,35.08476614163761,33.9803731262806,62.351502445842065,8.27,62.133734034560476,1.0,34.129692832764505,2.979839243697882,47.685113087767846,65.43821072354565,48.13171343366249,43.80554723792009,41.60808474531879,295,14.782608695652174,Bajo
2025,9112,PADRE LAS CASAS,9,La Araucanía,80656,25399263.0,12194057.0,22627809.0,9.32,94.3,67.45,51.21,83.51,5.73,2.51,42.95,39.81,83.14,314.908537492561,151.18598740329298,280.5471260662567,0.9464261175223724,7.875339744757097,5.695572020882481,41.04046242774567,66.79873217115689,69.70466814861862,53.9653502636393,86.92672641012126,44.222676445833834,41.20565081419174,80.4157931516422,7.58,56.949661908339586,0.7800000000000002,26.62116040955632,4.83911262772065,53.91959729945128,70.19891494079306,41.78541115894795,55.281373470555934,45.20488189949377,220,36.52173913043478,Bajo
2025,9113,PERQUENCO,9,La Araucanía,7438,4563520.0,5018420.0,2745411.0,8.82,93.83,61.61,47.29,77.97,4.63,2.22,34.57,26.91,78.81,613.5412745361656,674.7001882226405,369.1060769023931,1.8439369444301215,35.145407979715465,7.493465621339053,35.260115606936424,63.074484944532486,63.52281147454219,49.747121489293015,81.08592514496573,34.14692797883852,27.294295265825514,72.8511530398323,8.68,65.21412471825695,1.0699999999999998,36.51877133105801,14.827603515161547,49.167300275734455,64.78528603626698,50.86644802465749,44.76412542816544,44.88215265599718,231,33.33333333333333,Bajo
2025,9114,PITRUFQUÉN,9,La Araucanía,27041,10665414.0,10641563.0,7839539.0,9.48,94.57,65.43,49.5,75.48,3.93,2.06,39.77,40.04,79.1,394.4164047187604,393.5343737287822,289.91305794904036,1.1853790614169273,20.499366029783708,5.885715973982452,42.89017341040463,68.93819334389853,67.56642320313327,52.12525556870763,78.46072746441752,40.399182397499104,41.45368273482152,73.35779175401817,9.38,70.473328324568,1.23,41.979522184300336,9.190153688394362,55.91418337715158,66.0508020787528,56.22642525443417,51.736885628779596,47.8236900055025,167,51.8840579710145,Bajo
2025,9115,PUCÓN,9,La Araucanía,32321,13840526.0,11966797.0,9374938.0,10.2,95.81,28.8,18.55,41.71,2.3,1.12,48.0,41.24,86.57,428.22084712725473,370.2483524643421,290.05717644874846,1.2869749325178677,19.286387684959205,5.888641818585241,51.21387283236993,78.76386687797151,28.792209166931297,18.82061766921339,42.85714285714286,50.29457737164843,42.747762320716056,86.40810621942697,11.010000000000002,82.71975957926372,2.17,74.06143344709896,8.820668145354105,64.98886985517072,30.156656564429184,78.39059651318135,59.81681530393049,48.43472127641317,151,56.52173913043478,Bajo
2025,9116,SAAVEDRA,9,La Araucanía,12877,7598654.0,0.0,4561970.0,8.1,91.62,40.2,22.07,64.08,4.63,1.91,22.92,8.4,70.18,590.0950531956202,0.0,354.2727343325309,1.7734716708920013,0.0,7.192324162142214,26.936416184971097,45.56259904912841,40.85953212660104,22.608414935973318,66.44175013178703,20.13947336780089,7.333117653402351,57.774283717679964,8.68,65.21412471825695,1.3800000000000001,47.098976109215016,2.9885986110114047,36.24950761704975,43.303232398120464,56.156550413735985,28.415624912961068,33.422702790575734,341,1.4492753623188406,Crítico
2025,9117,TEODORO SCHMIDT,9,La Araucanía,15639,7917322.0,0.0,5420095.0,8.29,93.2,49.16,24.94,72.28,4.47,1.95,26.34,15.57,73.14,506.2550035168489,0.0,346.5755483087154,1.521498785869039,0.0,7.036058518036425,29.132947976878608,58.08240887480193,50.34402455806075,25.696761002905415,75.086979441223,24.251533004689193,15.06524317912218,62.945492662473804,8.84,66.41622839969948,1.34,45.73378839590443,2.852519101301821,43.60767842584027,50.37592166739639,56.07500839780195,34.08742294876172,37.39971010822043,330,4.63768115942029,Bajo
2025,9118,TOLTÉN,9,La Araucanía,10041,6403358.0,0.0,1907607.0,8.58,93.06,47.21,28.62,73.98,4.2,2.03,29.35,11.58,74.9,637.721143312419,0.0,189.9817747236331,1.916607121969054,0.0,3.856945161997399,32.48554913294798,56.973058637084016,48.279877209696195,29.65673087269989,76.87928307854509,27.870626427798484,10.762428556022863,66.02026554856745,9.11,68.44477836213373,1.2600000000000002,43.00341296928328,1.9245174279888175,44.729303885015995,51.60529705364706,55.724095665708504,34.88444017746293,37.77353084196466,327,5.507246376811594,Bajo
2025,9119,VILCÚN,9,La Araucanía,31575,12340055.0,10839579.0,7904913.0,9.17,94.03,59.6,48.77,77.69,5.08,2.27,42.36,31.65,80.2,390.8172604908947,343.2962470308789,250.35353919239904,1.1745621933665888,17.882441520564786,5.082592123279773,39.30635838150289,64.65927099841524,61.3951519000741,51.33971806736254,80.79072219293622,43.51328604063965,32.405909630108916,75.2795248078267,8.23,61.833208114199856,1.02,34.81228668941979,8.04653194573705,51.98281468995906,64.50853072012428,48.32274740180982,50.39957349285842,44.65203965009773,235,32.17391304347826,Bajo
2025,9120,VILLARRICA,9,La Araucanía,67737,18510610.0,18852419.0,19840708.0,9.89,95.58,37.78,30.96,56.34,3.33,1.57,47.06,52.48,82.55,273.2717717052719,278.31789125588676,292.9079823434755,0.8212909817651107,14.497692466945706,5.946517907065077,47.63005780346822,76.94136291600636,38.297872340425535,32.17475519208007,58.2814971006853,49.164362149813634,54.868974441928174,79.38504542278127,9.98,74.98121712997747,1.72,58.703071672354945,7.088500451925299,62.28571035973729,42.91804154439697,66.84214440116621,61.13946067150769,48.05477148574669,161,53.62318840579711,Bajo
2025,9121,CHOLCHOL,9,La Araucanía,13167,6472041.0,4282816.0,4210652.0,8.34,91.15,66.81,30.27,81.01,6.09,2.5,31.98,19.37,75.77,491.5349737981317,325.26892990050885,319.7882585251006,1.4772592086018508,16.94339121883655,6.492232101611845,29.71098265895954,41.838351822504,69.02720440351435,31.432260841493605,84.29098576700054,31.032824335697974,19.1631618677882,67.54018169112508,7.220000000000001,54.24492862509391,0.79,26.96245733788396,8.304294176350082,35.77466724073177,61.583483670669494,40.60369298148893,39.245389298203754,37.10230547348881,332,4.057971014492753,Bajo
2025,9201,ANGOL,9,La Araucanía,53022,19270592.0,26294099.0,17015332.0,9.58,94.05,79.38,77.23,84.46,4.11,2.39,44.32,56.21,81.29,363.445211421674,495.9092263588699,320.9107917468221,1.0922982371858951,25.832113856675363,6.5150213880315455,44.04624277456648,64.81774960380348,82.33301577220283,81.96491983213173,87.92830785450711,45.8699050138271,58.891405154750345,77.18378756114606,9.2,69.12096168294515,0.8999999999999999,30.71672354948805,11.146477827297602,54.43199618918498,84.07541448628056,49.9188426162166,60.64836590990783,52.04421940577752,75,78.55072463768116,Medio
2025,9202,COLLIPULLI,9,La Araucanía,24303,9452091.0,13950001.0,3518107.0,8.61,92.74,69.32,60.25,79.53,4.15,2.31,33.03,35.77,76.84,388.9269226021479,574.0032506274946,144.760194214706,1.168880971882099,29.900063431328405,2.9388720656937815,32.83236994219653,54.43740095087159,71.68413252884514,63.693102335090934,82.73062730627306,32.29529878561981,36.848916208346814,69.40950384346613,9.16,68.82043576258452,0.98,33.44709897610921,11.335938822968096,43.63488544653406,72.70262072340306,51.13376736934687,46.18457294581092,44.998357061612595,228,34.20289855072463,Bajo
2025,9203,CURACAUTÍN,9,La Araucanía,18536,0.0,0.0,0.0,9.26,94.3,55.25,49.13,69.32,3.74,1.87,40.22,32.23,80.21,0.0,0.0,0.0,0.0,0.0,0.0,40.346820809248555,66.79873217115689,56.79051550756854,51.727106424190254,71.96626251976805,40.94024287603703,33.03138142995793,75.29699510831585,9.57,71.900826446281,1.42,48.46416382252559,0.0,53.57277649020272,60.161294817175616,60.1824951344033,49.75620647143694,44.73455458264372,234,32.463768115942024,Bajo
2025,9204,ERCILLA,9,La Araucanía,7730,4733914.0,5252199.0,3540080.0,8.16,90.88,45.32,40.06,66.57,6.32,2.04,26.03,23.2,63.0,612.4080206985769,679.456532988357,457.96636481241916,1.8405310633504388,35.39316791842788,9.297476864242958,27.630057803468212,39.69889064976224,46.279242087435165,41.96707198966965,69.06694781233526,23.878802452807502,23.29343254610158,45.23060796645703,6.99,52.516904583020285,1.25,42.66211604095563,15.510391948673758,33.664474226615226,52.43775396314669,47.58951031198796,30.80094765512204,36.000615621109134,338,2.318840579710145,Bajo
2025,9205,LONQUIMAY,9,La Araucanía,10247,6548195.0,10331800.0,2210232.0,8.24,92.41,33.26,34.83,62.17,5.85,1.81,28.83,5.19,77.95,639.0353274129013,1008.2755928564458,215.69552064018737,1.9205567708602291,52.52148685518947,4.378976857163721,28.554913294797696,51.82250396196512,33.51328464062665,36.339180027978045,64.4280442804428,27.24540098593242,3.8714547611344767,71.34870719776382,7.460000000000001,56.048084147257704,1.48,50.51194539249146,19.60700682773781,40.188708628381406,44.760169649682496,53.28001476987458,34.1551876482769,38.39821750479064,323,6.666666666666667,Bajo
2025,9206,LOS SAUCES,9,La Araucanía,7348,5133914.0,5439330.0,3052512.0,8.18,90.56,50.1,50.64,75.3,4.33,2.18,31.62,27.72,75.04,698.6818181818181,740.2463255307566,415.42079477408817,2.0998183340167804,38.559733004963604,8.433731219364796,27.861271676300582,37.16323296354993,51.339049433682646,53.351985365328744,78.27095413811281,30.599975952867624,28.16779898630432,66.26484975541581,8.98,67.46806912096169,1.1099999999999999,37.883959044368595,16.364427519448395,32.51225231992525,60.987329645708066,52.67601408266514,41.67754156486259,40.84351302652189,302,12.753623188405797,Bajo
2025,9207,LUMACO,9,La Araucanía,9253,5566972.0,5645185.0,3763635.0,7.65,89.25,41.19,39.17,72.87,5.81,2.19,24.21,3.91,73.12,601.6396844266724,610.0924024640657,406.7475413379444,1.8081679055550275,31.77996206938784,8.25764978772234,21.734104046242784,26.782884310618048,41.907483857309195,41.009361885290005,75.70901423299948,21.6905134062763,2.491103202846975,62.91055206149547,7.500000000000001,56.34861006761833,1.1,37.54266211604096,13.948593254221734,24.258494178430418,52.8752866585329,46.94563609182964,29.03072289020625,33.41174661464419,342,1.1594202898550725,Crítico
2025,9208,PURÉN,9,La Araucanía,12184,6182911.0,7840694.0,1292961.0,8.49,92.01,63.86,57.48,81.66,4.7,2.3,35.77,29.06,78.73,507.4615068942876,643.523801707157,106.1195830597505,1.5251248111155409,33.52141729089354,2.15440356355704,31.445086705202318,48.65293185419973,65.90451995342437,60.71236414505542,84.97627833421191,35.58975592160635,29.61285452388655,72.71139063591895,8.61,64.68820435762584,0.9900000000000002,33.78839590443686,12.400315221855372,40.049009279701025,70.53105414423057,49.23830013103135,45.97133369380395,43.63800249412445,257,25.79710144927536,Bajo
2025,9209,RENAICO,9,La Araucanía,10686,5168763.0,5528032.0,3982898.0,8.71,92.8,68.4,64.88,82.43,4.87,2.36,38.18,27.65,81.91,483.6948343627176,517.3153658993075,372.72113045105743,1.4536964535689918,26.94716839579036,7.566857204901031,33.988439306358394,54.91283676703643,70.71027839525776,68.675347035403,85.7880864522931,38.48743537333172,28.092311010460474,78.26694619147449,8.440000000000001,63.41096919609317,0.9300000000000002,31.740614334470997,11.989240684753462,44.45063803669741,75.05790396098462,47.575791765282084,48.282230858422224,45.47116106122796,216,37.68115942028986,Bajo
2025,9210,TRAIGUÉN,9,La Araucanía,18873,8854565.0,10353702.0,2532851.0,8.8,92.53,65.04,63.08,80.47,4.68,2.25,34.8,37.0,78.28,469.1657394160971,548.5986329677316,134.20500185450115,1.4100307116652215,28.576726536206,2.7245841521985734,35.02890173410405,52.77337559429478,67.15359373346035,66.7384052512644,83.72166578808645,34.42347000120235,38.17534778388871,71.92522711390636,8.63,64.83846731780616,1.04,35.49488054607509,10.90378046668993,43.901138664199415,72.53788825760374,50.16667393194062,48.174681632999146,45.13683259068657,223,35.65217391304348,Bajo
2025,9211,VICTORIA,9,La Araucanía,34464,12798846.0,18205805.0,11792679.0,9.41,94.25,66.04,67.51,83.26,5.3,2.38,39.82,50.0,76.21,371.36855849582173,528.2557161095637,342.17383356545963,1.1161110644559245,27.517055700243787,6.946696407338229,42.08092485549134,66.40253565768623,68.21213083518579,71.50543419778329,86.66315234580918,40.45930022844775,52.194543297746144,68.30887491264849,8.010000000000002,60.18031555221639,0.9100000000000001,31.058020477815703,11.859954390679313,54.24173025658878,75.46023912625942,45.619168015016044,53.65423947961413,48.16706625363153,160,53.91304347826087,Bajo
2025,10101,PUERTO MONTT,10,Los Lagos,277040,77186458.0,85743561.0,49265138.0,10.26,95.83,78.38,69.61,83.91,4.2,2.38,54.39,61.75,88.32,278.61124025411493,309.49884854172683,177.8268047935316,0.8373382205238684,16.12192124905968,3.6101791101783407,51.907514450867055,78.92234548335976,81.27447867047741,73.76519961261164,87.34844491302056,57.977636166887095,64.86573924296344,89.46540880503144,9.11,68.44477836213373,0.9100000000000001,31.058020477815703,6.856479526587297,65.41492996711341,80.79604106536986,49.75139941997472,70.769594738294,54.71768894346785,43,87.82608695652175,Medio
2025,10102,CALBUCO,10,Los Lagos,36474,12079109.0,18404549.0,9032193.0,8.7,93.22,66.33,26.94,81.55,4.32,2.29,37.65,27.39,81.64,331.1703953501124,504.5936557547842,247.63373910182597,0.9952995050728343,26.28448932583668,5.027375669932098,33.87283236994219,58.240887480190175,68.51910659468615,27.848918540837193,84.8603057459146,37.85018636527593,27.811927100183325,77.79524807826695,8.99,67.54320060105185,1.0,34.129692832764505,10.76905483361387,46.05685992506618,60.40944362714598,50.83644671690818,47.81912051457541,43.17818512346192,272,21.44927536231884,Bajo
2025,10103,COCHAMÓ,10,Los Lagos,4199,3426192.0,3472314.0,2026660.0,8.84,94.37,22.69,6.95,48.25,1.73,1.37,31.73,7.09,80.12,815.9542748273399,826.938318647297,482.65301262205287,2.452268974825316,43.075554283569936,9.798656764124459,35.491329479768794,67.3534072900159,22.32454747538901,6.338103949209082,49.752240379546656,30.732235180954675,5.920414105467486,75.13976240391337,11.58,87.0022539444027,1.92,65.52901023890784,18.44216000750657,51.422368384892344,26.138297268048248,76.26563209165528,37.26413723011184,41.906518996442855,290,16.231884057971012,Bajo
2025,10104,FRESIA,10,Los Lagos,12320,4989431.0,0.0,2714827.0,8.51,92.91,57.19,51.1,75.14,3.45,1.96,34.04,33.92,82.04,404.9862824675325,0.0,220.3593344155844,1.2171457719675827,0.0,4.4736600129750705,31.676300578034684,55.78446909667193,58.84407748491584,53.84698159905306,78.10226673695308,33.50967897078273,34.853876846759405,78.49406009783371,9.86,74.07963936889556,1.33,45.39249146757679,1.896935261647551,43.730384837353306,63.59777527364066,59.73606541823617,48.95253863845861,43.582739885867255,260,24.92753623188406,Bajo
2025,10105,FRUTILLAR,10,Los Lagos,22554,0.0,0.0,0.0,9.5,95.16,61.35,57.42,77.27,4.19,2.19,49.02,57.09,84.32,0.0,0.0,0.0,0.0,0.0,0.0,43.12138728323699,73.61331220285261,63.247591828093576,60.64779941891747,80.34791776489193,51.520981123001086,59.84039685107301,82.47728860936408,9.120000000000001,68.5199098422239,1.1,37.54266211604096,0.0,58.3673497430448,68.08110300396766,53.03128597913243,64.61288886114606,48.81852551745819,140,59.710144927536234,Bajo
2025,10106,LOS MUERMOS,10,Los Lagos,17162,6219642.0,0.0,6425240.0,8.46,93.95,41.93,30.76,74.05,3.45,1.97,34.53,25.97,81.59,362.407761333178,0.0,374.38760051276074,1.089180284693414,0.0,7.6006893114357235,31.09826589595377,64.02535657686215,42.69080131258601,31.95953943828689,76.95308381655245,34.098833714079596,26.280599590208126,77.70789657582112,9.86,74.07963936889556,1.32,45.051194539249146,2.896623198709712,47.56181123640796,50.53447485580845,59.56541695407235,46.02910996003629,41.31748724100695,297,14.202898550724639,Bajo
2025,10107,LLANQUIHUE,10,Los Lagos,18088,6347885.0,0.0,4422579.0,9.56,94.54,71.11,72.76,86.75,5.07,2.6,49.46,61.06,85.84,350.94454887218046,0.0,244.50348297213623,1.0547287460016368,0.0,4.963826278140267,43.81502890173412,68.70047543581623,73.57891394093363,77.1548477348542,90.3426462836057,52.050018035349275,64.12164348107409,85.1327742837177,8.24,61.908339594290005,0.69,23.549488054607508,2.0061850080473014,56.25775216877517,80.35880265313118,42.72891382444875,67.10147860004702,49.69062645088989,115,66.95652173913044,Bajo
2025,10108,MAULLÍN,10,Los Lagos,15063,7463065.0,7406850.0,4925762.0,8.65,93.91,57.89,41.31,76.28,2.55,1.99,32.84,15.14,82.1,495.4567483237071,491.72475602469626,327.01068844187745,1.4890457097478418,25.614143090339937,6.63885940923596,33.294797687861276,63.708399366085565,59.58505345612364,43.312170450877005,79.30416447021614,32.06685102801491,14.601531327509976,78.59888190076869,10.760000000000002,80.84147257700978,1.3,44.36860068259386,11.247349403107913,48.501598526973424,60.73379612573893,62.605036629801816,41.75575475209786,44.96870708754399,229,33.91304347826087,Bajo
2025,10109,PUERTO VARAS,10,Los Lagos,52942,20247951.0,0.0,12603651.0,10.76,95.96,53.65,53.61,73.16,3.14,2.1,63.68,68.61,87.16,382.45534736126325,0.0,238.06526009595407,1.1494312996748821,0.0,4.83311967425537,57.6878612716763,79.95245641838349,55.09685614480787,56.547939309157435,76.01476014760148,69.147529157148,72.26356087566053,87.43885394828791,10.17,76.40871525169045,1.19,40.61433447098975,1.9941836579767507,68.8201588450299,62.55318520052227,58.511524861340106,76.28331466036549,53.6324734450469,56,84.05797101449275,Medio
2025,10201,CASTRO,10,Los Lagos,46997,38800565.0,0.0,17788747.0,9.97,95.92,70.47,55.97,82.69,3.75,2.21,45.83,43.71,85.35,825.5966338276911,0.0,378.50813881737133,2.4812481205325834,0.0,7.684343074023802,48.5549132947977,79.63549920760701,72.90145019582937,59.08748520391692,86.06220347917764,47.68546350847661,45.41140946834897,84.27672955974843,9.56,71.82569496619084,1.08,36.86006825938566,3.388530398185462,64.09520625120236,72.68371295964131,54.34288161278825,59.124534178858006,50.72697308013507,98,71.8840579710145,Medio
2025,10202,ANCUD,10,Los Lagos,40949,31021425.0,779340.0,12484658.0,9.53,95.15,62.1,53.18,77.09,2.65,2.06,41.21,35.85,83.53,757.5624557376249,19.031966592590784,304.8830984883636,2.2767782019292233,0.9913829019597018,6.18963262870915,43.46820809248555,73.53407290015855,64.04149465438763,56.08522543850209,80.15814443858726,42.130575928820484,36.93518818073978,81.09713487071978,10.66,80.09015777610819,1.23,41.979522184300336,3.152597910866025,58.50114049632205,66.76162151049233,61.03483998020426,53.38763299342668,48.567566578262266,147,57.68115942028985,Bajo
2025,10203,CHONCHI,10,Los Lagos,16078,13447827.0,1235930.0,6092621.0,9.1,94.88,53.69,21.44,73.7,3.66,1.94,37.42,20.73,84.58,836.4116805572833,76.87087946261973,378.9414728200025,2.513751661937372,4.00423546285094,7.693140473076468,38.49710982658959,71.39461172741677,55.13919762887689,21.93048531152481,76.58408012651556,37.573644342912104,20.62978539846867,82.93151642208247,9.65,72.50187828700226,1.35,46.075085324232084,4.737042532621594,54.94586077700318,51.21792102230575,59.28848180561717,47.04498205448775,43.44685763840709,265,23.47826086956522,Bajo
2025,10204,CURACO DE VÉLEZ,10,Los Lagos,3662,5550350.0,129165.0,1851294.0,9.0,95.18,46.79,21.78,73.47,3.03,1.91,39.28,15.6,76.95,1515.6608410704532,35.27170944838886,505.5417804478427,4.55516708666207,1.8373177306666912,10.263336718073642,37.34104046242775,73.77179080824097,47.83529162697152,22.29635209297321,76.34159198734845,39.81002765420224,15.097595168769546,69.60167714884697,10.280000000000001,77.2351615326822,1.3800000000000001,47.098976109215016,5.551940511800801,55.55641563533436,48.82441190243105,62.16706882094861,41.50309999060625,42.720587372224216,278,19.710144927536234,Bajo
2025,10205,DALCAHUE,10,Los Lagos,14894,13302031.0,412367.0,6046896.0,8.93,95.35,55.46,33.9,75.9,3.67,2.06,37.77,21.25,82.94,893.1134013696791,27.686786625486775,405.9954344031153,2.684163013476487,1.4422160073252663,8.242380769376693,36.531791907514446,75.11885895404117,57.01280829893087,35.33842677283977,78.90353189246179,37.99446915955272,21.190553219022966,80.06638714185884,9.64,72.4267468069121,1.23,41.979522184300336,4.122919930059482,55.82532543077781,57.08492232141081,57.20313449560622,46.41713650681151,44.13068773693317,250,27.82608695652174,Bajo
2025,10206,PUQUELDÓN,10,Los Lagos,4048,5968543.0,256860.0,2322986.0,8.57,95.16,44.58,19.83,72.96,2.96,1.93,37.29,11.81,79.14,1474.4424407114625,63.45355731225296,573.8601778656126,4.431289306361612,3.3053216798088236,11.650313509816943,32.369942196531795,73.61331220285261,45.49592463215835,20.197998493489724,75.80390089615182,37.417337982445595,11.010460476652648,73.42767295597486,10.350000000000001,77.76108189331332,1.36,46.41638225255973,6.4623081653291266,52.9916271996922,47.165941340599964,62.08873207293652,40.61849047169103,41.865419850049776,291,15.942028985507244,Bajo
2025,10207,QUEILÉN,10,Los Lagos,5690,5547706.0,0.0,1474378.0,8.47,93.8,41.3,30.19,68.41,2.93,1.81,34.32,17.85,77.47,974.9922671353252,0.0,259.11739894551846,2.93024175637353,0.0,5.260513013451417,31.213872832369955,62.83676703645007,42.02392293849899,31.346174539976328,71.00685292567212,33.84633882409523,17.523994392321793,70.51013277428372,10.38,77.98647633358378,1.48,50.51194539249146,2.730251589941649,47.025319934410014,48.12565013471581,64.24921086303762,40.62682199690025,40.55145090380107,308,11.014492753623188,Bajo
2025,10208,QUELLÓN,10,Los Lagos,28460,21225351.0,541024.0,11846488.0,8.7,94.14,48.99,37.31,77.09,4.6,2.11,36.09,30.22,83.56,745.7958889669712,19.00997891777934,416.25045678144767,2.2414149621962247,0.9902375550111417,8.450574734328445,33.87283236994219,65.53090332805073,50.16407325076744,39.007855375013456,80.15814443858726,35.97451003967777,30.863798123584594,81.1495457721873,8.71,65.43951915852743,1.1800000000000002,40.273037542662124,3.8940757505119366,49.70186784899646,56.44335768812272,52.85627835059478,49.32928464514989,42.44497285667516,283,18.26086956521739,Bajo
2025,10209,QUEMCHI,10,Los Lagos,8409,5353411.0,0.0,4138593.0,8.58,93.6,31.96,7.95,70.58,2.34,1.81,32.61,14.01,76.98,636.6287311214176,0.0,492.16232607920085,1.9133239863738876,0.0,9.991711601020354,32.48554913294798,61.251980982567325,32.13718640838361,7.414182718174972,73.2946758039009,31.790309005651075,13.38293971745929,69.65408805031447,10.97,82.41923365890308,1.48,50.51194539249146,3.9683451957980806,46.868765057757656,37.61534831015316,66.46558952569727,38.27577892447494,38.63876540277622,322,6.956521739130435,Bajo
2025,10210,QUINCHAO,10,Los Lagos,7678,8770413.0,0.0,2172298.0,8.86,93.6,53.77,34.41,71.15,3.25,1.85,34.85,14.69,76.96,1142.2783276895025,0.0,282.9249804636624,3.433003282201145,0.0,5.74384640945133,35.72254335260116,61.251980982567325,55.223880597014926,35.88722694501237,73.89562467053243,34.48358783215102,14.116251482799525,69.61914744933613,10.06,75.58226897069872,1.44,49.14675767918088,3.0589498972174916,48.48726216758424,55.00224407085324,62.3645133249398,39.40632892142889,41.66385967640473,293,15.36231884057971,Bajo
2025,10301,OSORNO,10,Los Lagos,166455,42452323.0,43060223.0,35392769.0,10.21,95.67,82.4,79.55,88.75,4.41,2.42,50.7,60.2,85.42,255.03783605178577,258.689874140158,212.62664984530355,0.7664907116133709,13.475261050137663,4.3166736894922915,51.329479768786136,77.6545166402536,85.52979781941359,84.46142257613258,92.45123879810228,53.54094024287603,63.19421977784967,84.39902166317262,8.9,66.86701728024043,0.8700000000000001,29.692832764505123,6.186141817081108,64.49199820451987,87.48081973121616,48.27992502237278,67.0447272279661,54.69672240063121,44,87.53623188405797,Medio
2025,10302,PUERTO OCTAY,10,Los Lagos,8865,4549231.0,5241463.0,2174466.0,8.88,94.41,29.62,21.93,61.5,3.59,1.67,35.87,22.27,83.09,513.1676254935138,591.253581500282,245.28663282571912,1.5422739799344884,30.798640202006787,4.979725519229522,35.953757225433534,67.67036450079237,29.660209590346142,22.457763908318093,63.721665788086455,35.709991583503665,22.29052086703332,80.32844164919638,9.72,73.02779864763336,1.62,55.2901023890785,12.440213233723597,51.812060863112954,38.61321309558357,64.15895051835594,46.10965136657779,42.62681781547077,280,19.130434782608695,Bajo
2025,10303,PURRANQUE,10,Los Lagos,19542,8023388.0,6200590.0,6864410.0,8.97,94.6,63.21,58.64,80.42,4.04,2.24,39.54,45.2,80.02,410.57148705352574,317.2955685190871,351.2644560433937,1.2339315458115663,16.528055572557903,7.131251122846165,36.9942196531792,69.17591125198096,65.21647083730284,61.96061551705585,83.66895097522405,40.12264037513526,47.01822495416801,74.96505939902165,9.27,69.64688204357626,1.0499999999999998,35.836177474402724,8.297746080405211,53.08506545258008,70.28201244319425,52.741529758989486,54.03530824277497,47.6883323955888,173,50.14492753623189,Bajo
2025,10304,PUYEHUE,10,Los Lagos,11712,5536890.0,7274197.0,4873100.0,8.95,94.15,47.07,38.85,71.86,4.03,1.96,37.13,22.36,85.8,472.75358606557376,621.0892247267759,416.07752732240436,1.4208136259735071,32.35279102608562,8.447063979460543,36.763005780346816,65.6101426307449,48.13168201545464,40.66501667922092,74.64417501317871,37.22496092340988,22.38757683597541,85.06289308176102,9.280000000000001,69.72201352366642,1.33,45.39249146757679,14.073556210506558,51.18657420554586,54.48029123595143,57.557252495621604,48.22514361371543,45.104563552268175,226,34.78260869565217,Bajo
2025,10305,RÍO NEGRO,10,Los Lagos,13874,5209599.0,5273984.0,4458646.0,9.07,94.09,57.65,47.04,77.97,3.89,2.14,36.33,29.15,80.1,375.49365720051895,380.1343520253712,321.36701744269857,1.1285086360891654,19.801353434079473,6.524283526429028,38.15028901734105,65.13470681458007,59.33100455170953,49.47810179705154,81.08592514496573,36.26307562823133,29.70991049282864,75.104821802935,9.42,70.77385424492863,1.15,39.24914675767918,9.151381865532555,51.64249791596056,63.29834383124227,55.0115005013039,47.02593597466498,45.225932017740845,219,36.811594202898554,Bajo
2025,10306,SAN JUAN DE LA COSTA,10,Los Lagos,7776,6607941.0,3033186.0,4541948.0,7.87,91.52,8.0,10.3,42.4,2.38,1.14,19.62,2.42,70.09,849.7866512345679,390.07021604938274,584.0982510288065,2.553948798765957,20.31891664341362,11.858163377586624,24.27745664739885,44.77020602218697,6.77463745104266,9.942967825244809,43.58460727464417,16.171696525189372,0.8842877170279304,57.61705101327744,10.93,82.11870773854244,2.1500000000000004,73.37883959044369,11.577009606588733,34.52383133479291,20.100737516977215,77.74877366449306,24.89101175183158,33.7682727749367,340,1.7391304347826086,Crítico
2025,10307,SAN PABLO,10,Los Lagos,10883,4816434.0,4092661.0,3996124.0,8.95,93.79,44.77,41.61,79.62,3.53,2.12,35.04,29.46,79.81,442.5649177616466,376.0600018377286,367.18956170173664,1.3300846023542876,19.589118871089134,7.4545571837175,36.763005780346816,62.757527733756,45.697046681486185,43.63499408156677,82.82551396942542,34.71203558975592,30.044214385851394,74.59818308874914,9.780000000000001,73.47858752817432,1.17,39.931740614334466,9.45792021905364,49.76026675705141,57.385851577492794,56.70516407125439,46.451477688118814,43.95213606259421,254,26.666666666666668,Bajo
2025,10401,CHAITÉN,10,Los Lagos,4025,5253049.0,5089760.0,1655266.0,9.13,94.15,38.41,28.92,56.32,2.15,1.57,38.49,25.22,84.83,1305.1053416149068,1264.536645962733,411.24621118012425,3.922363589305623,65.87022962708274,8.348980247754412,38.84393063583816,65.6101426307449,38.96475071451254,29.979554503389654,58.26041117554033,38.86016592521342,25.471799849024045,83.36827393431167,11.16,83.84673178061608,1.72,58.703071672354945,26.047191154714255,52.22703663329153,42.40157213114751,71.27490172648551,49.23341323618305,48.236822976364365,158,54.492753623188406,Bajo
2025,10402,FUTALEUFÚ,10,Los Lagos,3062,3622087.0,3289436.0,578315.0,9.84,95.45,47.21,42.36,66.56,3.12,1.71,51.01,38.29,85.71,1182.9154147615936,1074.276943174396,188.86838667537558,3.5551339835511087,55.959524111777625,3.83434153776871,47.05202312138728,75.91125198098261,48.279877209696195,44.44205315829119,69.05640484976279,53.91367079475772,39.56648333872533,84.90566037735849,10.190000000000001,76.55897821187078,1.58,53.92491467576792,21.11633321103248,61.481637551184946,53.926111739250054,65.24194644381936,59.46193817028051,52.245593423113476,72,79.42028985507247,Medio
2025,10403,HUALAIHUÉ,10,Los Lagos,9480,6296355.0,8878377.0,0.0,8.73,93.2,51.23,29.72,66.33,3.12,1.82,35.79,15.14,83.41,664.1724683544304,936.537658227848,0.0,1.9961039341614657,48.78462858220459,0.0,34.219653179190765,58.08240887480193,52.53519635863236,30.84041751856236,68.81391671059568,35.61380305398581,14.601531327509976,80.88749126484976,10.190000000000001,76.55897821187078,1.47,50.17064846416381,16.926910838788686,46.15103102699635,50.72984352926346,63.3648133380173,43.70094188211518,44.1747081230362,248,28.405797101449277,Bajo
2025,10404,PALENA,10,Los Lagos,1903,2952298.0,2209284.0,399886.0,9.29,95.59,42.17,35.6,60.28,2.06,1.45,43.84,31.42,73.88,1551.391487125591,1160.9479768786127,210.13452443510246,4.662551970196164,60.47425360604777,4.266079409814946,40.693641618497104,77.02060221870053,42.94485021700011,37.167760680081784,62.43542435424354,45.292773836719974,32.15787770947913,64.23829489867225,11.25,84.5229151014275,1.84,62.79863481228669,23.13429499535296,58.85712191859882,47.516011750441805,73.6607749568571,47.22964881495712,50.07957048724156,108,68.98550724637681,Medio
2025,11101,COIHAIQUE,11,Aysén del General Carlos Ibáñez del Campo,57823,23345678.0,0.0,0.0,10.15,95.51,68.76,65.86,77.43,4.32,2.06,54.29,53.28,85.54,403.7438043685039,0.0,0.0,1.2134116282929357,0.0,0.0,50.635838150289025,76.38668779714745,71.09135175187892,69.72990422898957,80.51660516605168,57.857400504989776,55.73169416585786,84.60866526904265,8.99,67.54320060105185,1.23,41.979522184300336,0.4044705427643119,63.51126297371823,73.77928704897339,54.76136139267609,66.06591997996343,51.704460387619086,82,76.52173913043478,Medio
2025,11102,LAGO VERDE,11,Aysén del General Carlos Ibáñez del Campo,779,3110637.0,0.0,0.0,8.85,92.72,39.36,21.96,42.4,1.66,1.08,27.39,10.64,68.88,3993.115532734275,0.0,0.0,12.000909408666809,0.0,0.0,35.60693641618497,54.27892234548336,39.970360961151684,22.490046271387072,43.58460727464417,25.514007454611036,9.748732880405479,55.50314465408805,11.65,87.52817430503382,2.21,75.42662116040955,4.00030313622227,44.942929380834165,35.34833816906097,81.47739773272168,30.25529499636819,39.20485268304146,317,8.405797101449275,Bajo
2025,11201,AISÉN,11,Aysén del General Carlos Ibáñez del Campo,23170,12360868.0,0.0,0.0,9.56,95.2,74.34,64.94,79.23,3.63,2.09,48.2,47.09,81.3,533.485886922745,0.0,0.0,1.603338482765651,0.0,0.0,43.81502890173412,73.9302694136292,76.99798877950673,68.73991176154095,82.41433842909859,50.535048695443066,49.0564003019519,77.20125786163521,9.68,72.72727272727272,1.2000000000000002,40.95563139931741,0.5344461609218837,58.872649157681664,76.05074632338209,56.841452063295065,58.93090228634339,50.246039198324816,104,70.14492753623188,Medio
2025,11202,CISNES,11,Aysén del General Carlos Ibáñez del Campo,5137,6453271.0,0.0,0.0,9.47,94.66,53.54,48.62,56.62,2.76,1.49,44.89,42.79,78.97,1256.2334047109207,0.0,0.0,3.7754838702985425,0.0,0.0,42.77456647398845,69.65134706814578,54.980417063618084,51.17830625201765,58.57670005271481,46.55524828664181,44.419281785829824,73.13067784765899,10.55,79.26371149511645,1.8,61.43344709897611,1.2584946234328476,56.21295677106711,54.91180778945019,70.34857929704629,54.70173597337688,47.486714890874666,179,48.40579710144928,Bajo
2025,11203,GUAITECAS,11,Aysén del General Carlos Ibáñez del Campo,1598,3945339.0,0.0,0.0,9.03,95.26,69.36,5.51,72.18,3.43,1.96,42.69,14.45,87.36,2468.9230287859823,0.0,0.0,7.420101262420337,0.0,0.0,37.6878612716763,74.40570522979404,71.72647401291415,4.788550521898203,74.98154981549816,43.9100637249008,13.857435565620618,87.7882599580713,9.88,74.22990232907588,1.33,45.39249146757679,2.4733670874734455,56.04678325073517,50.49885811677017,59.81119689832634,48.51858641619757,43.46975835390054,264,23.768115942028984,Bajo
2025,11301,COCHRANE,11,Aysén del General Carlos Ibáñez del Campo,3458,4816568.0,0.0,0.0,9.53,94.35,55.13,52.59,60.25,3.81,1.63,50.17,38.12,79.37,1392.8768074031232,0.0,0.0,4.186151952290706,0.0,0.0,43.46820809248555,67.19492868462754,56.66349105536149,55.45033896481223,62.40379546652609,52.90369123482025,39.38315539739027,73.82948986722573,9.5,71.37490608564988,1.6600000000000001,56.655290102389074,1.3953839840969018,55.33156838855655,58.17254182889994,64.01509809401948,55.37211216647875,46.85734089241032,189,45.507246376811594,Bajo
2025,11302,O´HIGGINS,11,Aysén del General Carlos Ibáñez del Campo,647,3617417.0,0.0,0.0,9.63,96.07,59.06,55.09,59.55,3.72,1.61,55.14,11.64,79.11,5591.061823802163,0.0,0.0,16.803377186474776,0.0,0.0,44.62427745664741,80.82408874801898,60.823541865142374,58.14053588722695,61.66578808645229,58.879403631116986,10.82713253531759,73.37526205450735,9.59,72.0510894064613,1.68,57.33788395904437,5.601125728824925,62.7241831023332,60.20995527960721,64.69448668275284,47.693932740313976,48.18473670676643,159,54.20289855072464,Bajo
2025,11303,TORTEL,11,Aysén del General Carlos Ibáñez del Campo,505,3094962.0,0.0,0.0,9.5,94.55,50.89,47.85,53.16,2.78,1.28,51.28,8.12,93.59,6128.637623762376,0.0,0.0,18.419007493869497,0.0,0.0,43.12138728323699,68.77971473851031,52.175293744045725,50.34972559991392,54.928835002635736,54.238307081880485,7.031165750026959,98.67225716282321,10.530000000000001,79.11344853493615,2.01,68.60068259385665,6.139669164623165,55.95055101087365,52.484618115531795,73.85706556439641,53.31390999824355,48.34916277073371,154,55.65217391304348,Bajo
2025,11401,CHILE CHICO,11,Aysén del General Carlos Ibáñez del Campo,4905,5647077.0,0.0,0.0,9.52,94.75,59.65,47.2,64.64,2.54,1.58,47.45,40.63,78.05,1151.2899082568808,0.0,0.0,3.460086686408074,0.0,0.0,43.35260115606936,70.36450079239305,61.44807875516036,49.65027440008609,67.03215603584609,49.633281231213175,42.089938531219666,71.5234102026555,10.77,80.91660405709992,1.71,58.361774744027294,1.1533622288026912,56.85855097423121,59.37683639703084,69.63918940056361,54.41554332169611,48.28869646446489,157,54.78260869565217,Bajo
2025,11402,RÍO IBÁÑEZ,11,Aysén del General Carlos Ibáñez del Campo,2723,4090358.0,0.0,0.0,9.3,94.32,41.44,39.43,47.59,2.68,1.21,43.58,25.59,83.78,1502.1513037091443,0.0,0.0,4.514565523121771,0.0,0.0,40.80924855491331,66.95721077654512,42.17211813274055,41.28914236522113,49.056404849762785,44.980161115786935,25.870807721341528,81.53389238294899,10.63,79.86476333583772,2.08,70.98976109215018,1.5048551743739236,53.88322966572922,44.17255511590815,75.42726221399394,50.79495374002582,45.15657118200621,222,35.94202898550725,Bajo
2025,12101,PUNTA ARENAS,12,Magallanes y de la Antártica Chilena,132363,62458099.0,0.0,29467530.0,10.82,96.94,79.69,77.71,81.05,3.25,2.23,61.07,76.01,88.52,471.86977478600517,0.0,222.62664037533148,1.4181574195568605,0.0,4.5196900848855766,58.38150289017342,87.7179080824089,82.6611622737377,82.48143764123533,84.33315761729045,66.009378381628,80.24371832201015,89.81481481481481,10.06,75.58226897069872,1.06,36.177474402730375,1.9792825014808122,73.04970548629116,83.15858584408782,55.87987168671455,78.68930383948432,58.55134987161173,21,94.20289855072464,Medio
2025,12102,LAGUNA BLANCA,12,Magallanes y de la Antártica Chilena,269,2394399.0,146809.0,442526.0,11.2,98.02,14.14,25.52,14.83,1.38,0.93,33.66,4.95,74.26,8901.111524163569,545.7583643122676,1645.078066914498,26.751400544822566,28.42877578354467,33.397813556189575,62.774566473988436,96.2757527733756,13.27405525563671,26.32088668890563,14.51765946230891,33.052783455572914,3.61263884395557,64.90216631726067,11.93,89.63185574755822,2.36,80.54607508532422,29.525996628185606,79.52515962368201,18.03753380228375,85.08896541644123,33.85586287226305,49.20670366857113,128,63.18840579710145,Bajo
2025,12103,RÍO VERDE,12,Magallanes y de la Antártica Chilena,102,3393891.0,0.0,502422.0,9.41,90.91,1.6,10.11,1.06,0.0,0.54,22.22,14.29,90.48,33273.44117647059,0.0,4925.705882352941,100.0,0.0,100.0,42.08092485549134,39.93660855784466,0.0,9.73851285914129,0.0,19.297823734519653,13.68489162083468,93.23899371069184,13.31,100.0,2.75,93.85665529010238,66.66666666666667,41.008766706668,3.2461709530470966,96.92832764505118,42.073903022015394,49.98476699868967,109,68.69565217391305,Bajo
2025,12104,SAN GREGORIO,12,Magallanes y de la Antártica Chilena,241,2736935.0,0.0,534590.0,10.03,97.44,7.66,19.14,10.59,0.23,0.54,33.63,15.93,82.3,11356.576763485476,0.0,2218.2157676348547,34.13105576683278,0.0,45.03345958153807,49.2485549132948,91.6798732171157,6.414734836456018,19.455504142903262,10.047443331576172,33.01671275700373,15.45346705489054,78.94828791055207,13.08,98.27197595792637,2.75,93.85665529010238,26.388171782790284,70.46421406520525,11.972560770311816,96.06431562401437,42.47282257414878,49.472416963294094,125,64.05797101449275,Bajo
2025,12201,CABO DE HORNOS,12,Magallanes y de la Antártica Chilena,1750,4902760.0,0.0,0.0,10.67,95.57,74.1,73.08,74.62,4.74,2.24,75.72,43.09,91.48,2801.577142857143,0.0,0.0,8.419859935732426,0.0,0.0,56.64739884393064,76.86212361331218,76.74393987509262,77.49919294092328,77.55403268318398,83.62390284958519,44.742801682303465,94.98602375960868,8.57,64.38767843726522,1.0499999999999998,35.836177474402724,2.806619978577475,66.7547612286214,77.26572183306662,50.11192795583398,74.45090943049912,54.27798808531973,50,85.79710144927536,Medio
2025,12301,PORVENIR,12,Magallanes y de la Antártica Chilena,6809,5173513.0,0.0,0.0,9.91,96.24,68.15,71.08,71.47,3.8,1.92,49.84,65.88,87.77,759.8051108826553,0.0,0.0,2.283518277694565,0.0,0.0,47.86127167630058,82.17115689381932,70.44564411982641,75.34703540299151,74.23299947285187,52.5069135505591,69.31952981775046,88.50454227812719,9.510000000000002,71.45003756574006,1.37,46.75767918088737,0.7611727592315217,65.01621428505995,73.3418929985566,59.10385837331371,70.11032854881225,53.66669339299481,55,84.34782608695653,Medio
2025,12302,PRIMAVERA,12,Magallanes y de la Antártica Chilena,431,2585902.0,0.0,0.0,9.44,97.12,26.33,36.47,27.54,0.72,1.04,43.65,21.55,90.61,5999.772621809745,0.0,0.0,18.03171661743391,0.0,0.0,42.42774566473988,89.1442155309034,26.17762252566952,38.1039492090821,27.917764891934638,45.06432607911506,21.5140731154966,93.46610761705102,12.59,94.59053343350864,2.25,76.79180887372013,6.010572205811304,65.78598059782163,30.73311220889542,85.69117115361439,53.3481689372209,48.31380102067273,155,55.362318840579704,Bajo
2025,12303,TIMAUKEL,12,Magallanes y de la Antártica Chilena,157,2463691.0,0.0,332051.0,10.68,97.99,7.48,10.75,2.8,1.87,0.73,55.56,14.29,80.95,15692.299363057326,0.0,2114.9745222929937,47.16163645302242,0.0,42.93749104813988,56.76300578034682,96.03803486529318,6.224198158145445,10.427203271279458,1.8344754876120188,59.384393411085725,13.68489162083468,76.58979734451434,11.440000000000001,85.9504132231405,2.56,87.37201365187714,30.033042500387435,76.40052032282,6.16195897234564,86.66121343750882,49.88636079214492,49.82861920504136,111,68.11594202898551,Bajo
2025,12401,NATALES,12,Magallanes y de la Antártica Chilena,24152,19041401.0,541031.0,4536040.0,10.13,96.35,77.8,74.56,81.07,3.96,2.15,54.58,72.01,83.8,788.3985177210997,22.401084796290164,187.81218946671083,2.369452902510781,1.1668816432789018,3.812898982449913,50.404624277456655,83.04278922345482,80.66052715147667,79.0917895189928,84.35424354243543,58.206083924492006,75.93011970236171,81.56883298392734,9.350000000000001,70.24793388429754,1.1400000000000001,38.907849829351534,2.4497445094131987,66.72370675045573,81.36885340430163,54.577891856824536,71.90167887026035,55.404375078251086,40,88.69565217391305,Medio
2025,12402,TORRES DEL PAINE,12,Magallanes y de la Antártica Chilena,203,3023251.0,0.0,448164.0,11.08,96.39,11.18,16.78,12.83,0.99,0.67,50.5,19.8,79.21,14892.862068965518,0.0,2207.704433497537,44.75900761204419,0.0,44.820062062717945,61.38728323699423,83.35974643423141,10.14078543452948,16.915958248143767,12.409066947812336,53.3004689190814,19.626873719400407,73.54996505939901,12.32,92.56198347107438,2.62,89.419795221843,29.85968989158738,72.37351483561282,13.155270210161861,90.99088934645869,48.82576923262693,51.04102670328953,95,72.7536231884058,Medio
2025,13101,SANTIAGO,13,Metropolitana de Santiago,438856,182373738.0,91355480.0,35942888.0,12.43,98.1,82.75,79.18,82.63,8.15,1.82,64.8,68.51,91.79,415.56624040687603,208.16732595657803,81.90132526386788,1.248942777522948,10.84352090972908,1.6627327579036195,76.99421965317919,96.90966719492867,85.90028580501748,84.0632734316152,85.99894570374275,70.49416857039797,72.15572091016932,95.5276030747729,5.16,38.76784372652141,1.47,50.17064846416381,4.585065481718549,86.95194342405392,85.32083498012514,44.46924609534261,79.39249751844675,60.14391749993739,12,96.81159420289856,Medio
2025,13102,CERRILLOS,13,Metropolitana de Santiago,85041,27601457.0,0.0,0.0,10.04,95.88,83.46,80.01,84.8,6.13,2.68,51.07,67.27,87.68,324.56646793899415,0.0,0.0,0.975452061653642,0.0,0.0,49.364161849710975,79.31854199683042,86.6518471472425,84.9564188098569,88.28676858197153,53.98581219189611,70.81850533807828,88.34730957372469,7.180000000000001,53.944402704733285,0.6099999999999999,20.819112627986343,0.32515068721788065,64.3413519232707,86.63167817969031,37.38175766635982,71.0505423678997,51.946096164887685,77,77.97101449275362,Medio
2025,13103,CERRO NAVIA,13,Metropolitana de Santiago,127250,30170291.0,0.0,24624893.0,9.25,95.52,95.52,91.35,95.4,9.58,3.16,41.32,64.54,82.08,237.09462475442044,0.0,193.51585854616897,0.7125641844405399,0.0,3.928692925809227,40.23121387283237,76.46592709984151,99.41780459405103,97.15915204993006,99.4623089088034,42.262835156907535,67.87447428016823,78.56394129979036,3.7300000000000004,28.024042073628852,0.1299999999999999,4.4368600682593815,1.547085703416589,58.34857048633694,98.67975518426148,16.230451070944117,62.90041691228871,47.541255871449565,175,49.56521739130435,Bajo
2025,13104,CONCHALÍ,13,Metropolitana de Santiago,121587,57539056.0,1154441.0,28365295.0,10.12,96.36,94.69,90.66,94.61,8.24,3.12,50.7,69.89,86.23,473.23361872568614,9.494773289907638,233.29216939310945,1.4222563161285966,0.49458661309665164,4.736218015552098,50.289017341040456,83.122028526149,98.53921879961894,96.41665769934359,98.62941486557723,53.54094024287603,73.64391243394802,85.81411600279526,5.07,38.091660405709995,0.16999999999999993,5.802047781569963,2.2176869815924487,66.70552293359472,97.86176378817993,21.946854093639978,70.99965622653977,51.94629680470937,76,78.26086956521739,Medio
2025,13105,EL BOSQUE,13,Metropolitana de Santiago,155257,36567643.0,0.0,43359297.0,9.7,95.61,93.51,91.19,93.33,7.46,3.07,47.89,70.79,85.11,235.529753891934,0.0,279.2743451180945,0.7078611215556796,0.0,5.669732456390373,45.43352601156069,77.17908082408876,97.29014501958295,96.98697944689552,97.27991565629942,50.16231814356138,74.61447212336894,83.85744234800839,5.8500000000000005,43.9519158527423,0.2200000000000002,7.508532423208197,2.1258645259820175,61.30630341782472,97.18568004092596,25.73022413797525,69.54474420497957,51.178563265537505,91,73.91304347826086,Medio
2025,13106,ESTACIÓN CENTRAL,13,Metropolitana de Santiago,181049,38425024.0,0.0,0.0,10.68,96.98,84.92,81.33,84.75,13.09,2.37,47.11,71.47,87.21,212.23549425846042,0.0,0.0,0.637852553731483,0.0,0.0,56.76300578034682,88.03486529318548,88.19731131576162,86.37684278489186,88.23405376910912,49.22447998076229,75.34778388870916,87.52620545073376,0.22000000000000064,1.652892561983476,0.9199999999999999,31.39931740614334,0.21261751791049432,72.39893553676615,87.60273595658754,16.52610498406341,70.69948977340174,49.48797675374586,124,64.34782608695652,Bajo
2025,13107,HUECHURABA,13,Metropolitana de Santiago,101808,57281196.0,16071437.0,20835855.0,10.87,96.36,94.22,92.84,94.77,5.96,3.26,66.24,77.8,88.68,562.6394389438943,157.86025656137042,204.65832743988685,1.6909565679120875,8.223005147289427,4.154903527088475,58.95953757225433,83.122028526149,98.041706361808,98.76250941568924,98.79810226673695,72.22556210171936,82.17405370430282,90.09433962264153,7.3500000000000005,55.22163786626597,0.03000000000000025,1.0238907849829437,4.689621747429997,71.04078304920166,98.53410601474472,28.12276432562446,81.4979851428879,56.777052055977755,32,91.01449275362319,Medio
2025,13108,INDEPENDENCIA,13,Metropolitana de Santiago,116943,27701582.0,11467508.0,18778643.0,10.94,97.19,86.67,82.35,86.59,12.06,2.32,51.22,69.44,89.9,236.8810617138264,98.06066203193008,160.57945323790221,0.7119223420790559,5.108019879099136,3.260029264296951,59.76878612716763,89.69889064976229,90.0497512437811,87.47444312923706,90.17395888244597,54.16616568474208,73.15863258923757,92.22571628232008,1.25,9.391435011269722,0.9700000000000002,33.10580204778157,3.0266571618250477,74.73383838846496,89.23271775182138,21.248618529525647,73.18350485209992,52.28506733674739,71,79.71014492753623,Medio
2025,13109,LA CISTERNA,13,Metropolitana de Santiago,103157,20597412.0,0.0,14227818.0,11.19,97.2,88.16,86.59,87.95,5.67,2.47,60.06,75.82,88.84,199.67052163207538,0.0,137.92392178911757,0.6000897850423508,0.0,2.8000843956852988,62.65895953757226,89.77812995245648,91.62697152535196,92.03701710965242,91.60780179230365,64.79499819646507,80.03882238757683,90.37386443046822,7.640000000000001,57.40045078888054,0.8199999999999998,27.98634812286689,1.1333913935758833,76.21854474501437,91.75726347576934,42.69339945587372,78.40256167150338,58.041032148347334,23,93.6231884057971,Medio
2025,13110,LA FLORIDA,13,Metropolitana de Santiago,374836,169876052.0,44318920.0,76549260.0,11.27,97.1,88.96,87.57,89.06,4.26,2.6,65.37,80.35,89.81,453.2010052396248,118.23549498980887,204.22067250744325,1.362050299624877,6.15893515614258,4.146018405993211,63.58381502890174,88.98573692551504,92.4738012067323,93.091574303239,92.77807063784924,71.1795118432127,84.9239728243287,92.06848357791755,9.05,67.99398948159279,0.69,23.549488054607508,3.8890012872535564,76.2847759772084,92.78114871594018,45.77173876810015,82.72398941515299,60.29013083273105,11,97.10144927536231,Medio
2025,13111,LA GRANJA,13,Metropolitana de Santiago,112022,27333846.0,0.0,32037406.0,9.72,95.89,96.07,91.71,95.91,7.83,3.04,45.86,69.02,84.33,244.00426701897842,0.0,285.9920908392994,0.7333304232792331,0.0,5.806113837691928,45.66473988439307,79.3977812995246,100.0,97.54654040675777,100.0,47.721534207045806,72.70570473417447,82.49475890985325,5.48,41.172051089406466,0.25,8.532423208191126,2.179814753657054,62.531260591958834,99.18218013558594,24.852237148798796,67.64066595035784,51.2772317160717,89,74.4927536231884,Medio
2025,13112,LA PINTANA,13,Metropolitana de Santiago,175421,46077195.0,0.0,40765283.0,8.81,94.67,94.82,93.41,94.66,9.01,3.29,39.56,68.55,81.63,262.6663569356006,0.0,232.3854213577622,0.789417468251964,0.0,4.7178095263526965,35.14450867052024,69.73058637083996,98.67682862284323,99.37587431399979,98.68212967843965,40.14668750751473,72.1988568963658,77.77777777777779,4.300000000000001,32.30653643876785,0.0,0.0,1.8357423315348866,52.4375475206801,98.9116108717609,16.153268219383925,63.37444072721943,46.54252193411585,200,42.31884057971014,Bajo
2025,13113,LA REINA,13,Metropolitana de Santiago,89870,50421851.0,14234386.0,13455037.0,12.78,97.42,93.41,92.34,93.43,2.31,2.84,81.95,87.52,91.6,561.0531990653166,158.38862801824857,149.71666852119728,1.686189282586338,8.250528231973512,3.039496715741373,81.04046242774567,91.52139461172747,97.1842913094104,98.2244700312063,97.38534528202426,91.11458458578815,92.65609835004852,95.19566736547868,11.0,82.64462809917356,0.4500000000000002,15.358361774744033,4.325404743433741,86.28092851973656,97.59803554088033,49.00149493695879,92.98878343377179,66.03892943495624,5,98.84057971014492,Alto
2025,13114,LAS CONDES,13,Metropolitana de Santiago,296134,438881544.0,39938242.0,28192173.0,13.66,98.23,88.2,88.03,88.03,1.42,2.29,86.25,91.3,92.43,1482.036996764978,134.8654392943735,95.20073007489853,4.454113985099338,7.025195737458743,1.9327327361539997,91.21387283236994,97.93977812995253,91.66931300942099,93.58657053696331,91.6921454928835,96.28471804737285,96.7324490456163,96.64570230607968,11.89,89.33132982719759,1.0,34.129692832764505,4.470680819570694,94.57682548116124,92.31600967975594,61.73051132998105,96.55428979968961,69.92966342203171,2,99.71014492753623,Alto
2025,13115,LO BARNECHEA,13,Metropolitana de Santiago,112620,134442321.0,12074278.0,16051480.0,12.06,97.44,85.09,83.4,86.48,2.63,3.09,79.7,84.18,90.44,1193.7694992008524,107.21255549635944,142.52779257680697,3.5877548488883986,5.584745742243735,2.893550609414856,72.71676300578035,91.6798732171157,88.37726262305495,88.60432583665126,90.05798629414866,88.40928219309848,89.0542435026421,93.16911250873515,10.68,80.2404207362885,0.20000000000000018,6.825938566552907,4.0220170668489965,82.19831811144803,89.01319158461827,43.5331796514207,90.21087940149191,61.795517163165584,9,97.68115942028986,Medio
2025,13116,LO ESPEJO,13,Metropolitana de Santiago,87295,21635894.0,0.0,24881098.0,9.24,94.94,90.88,88.05,90.72,8.64,3.18,42.83,64.64,83.3,247.8480325333639,0.0,285.02317429406037,0.7448824761432562,0.0,5.786443224618778,40.11560693641619,71.87004754358162,94.5061924420451,93.60809211234262,94.52820242488139,44.07839365155704,67.98231424565944,80.69531795946891,4.67,35.08640120210368,0.10999999999999988,3.754266211604091,2.177108566920678,55.9928272399989,94.21416232642304,19.420333706853885,64.25200861889512,47.211288091818325,183,47.2463768115942,Bajo
2025,13117,LO PRADO,13,Metropolitana de Santiago,91290,56107379.0,0.0,30468669.0,9.96,96.19,95.79,90.63,95.64,8.44,2.93,47.91,66.72,85.76,614.6059699857597,0.0,333.7569175156096,1.847136780130755,0.0,6.775819049841006,48.439306358381515,81.77496038034866,99.7036096115169,96.38437533627462,99.71534001054296,50.18636527594084,70.22538552787664,84.99301187980434,4.870000000000001,36.589030803906844,0.3599999999999999,12.286689419795218,2.874318609990587,65.10713336936509,98.60110831944483,24.43786011185103,68.46825422787394,51.897734927705095,78,77.68115942028986,Medio
2025,13118,MACUL,13,Metropolitana de Santiago,123800,56212161.0,0.0,26643458.0,11.81,97.41,89.94,88.85,89.78,4.36,2.44,68.27,80.59,90.76,454.0562277867528,0.0,215.2137156704362,1.3646205854651428,0.0,4.369195417076579,69.82658959537574,91.4421553090333,93.5111675664232,94.46895512751533,93.53716394306801,74.66634603823493,85.18278874150761,93.72816212438856,8.95,67.24267468069121,0.8500000000000001,29.010238907849832,1.9112720008472406,80.63437245220452,93.83909554566885,48.126456794270524,84.52576563471037,61.8073924855403,8,97.97101449275362,Medio
2025,13119,MAIPÚ,13,Metropolitana de Santiago,503635,130479398.0,6639143.0,40447035.0,11.04,97.19,94.94,93.99,95.29,3.92,2.97,64.9,81.34,90.41,259.0753184349777,13.182449591470013,80.31021473884857,0.7786249611542541,0.6866791756568541,1.6304305749673689,60.924855491329474,89.69889064976229,98.80385307505028,100.0,99.34633632050607,70.6144042322953,85.9915884826917,93.11670160726764,9.39,70.54845980465815,0.31999999999999984,10.921501706484635,1.0319115705928257,75.31187307054589,99.38339646518546,40.73498075557139,83.24089810741822,59.94061199386276,14,96.23188405797102,Medio
2025,13120,ÑUÑOA,13,Metropolitana de Santiago,241467,78963511.0,37226607.0,25965924.0,13.69,98.25,87.13,86.98,86.97,2.04,1.99,83.27,87.96,93.15,327.01574542277,154.16850749791897,107.53404813080049,0.9828131201951548,8.030700432901355,2.183119550764427,91.5606936416185,98.09825673534077,90.53667831057479,92.45668782954914,90.57459146020031,92.70169532283275,93.13059419820985,97.90356394129981,11.27,84.67317806160781,1.3,44.36860068259386,3.732211034620313,94.82947518847963,91.18931920010807,64.52088937210084,94.57861782078079,69.77010252321793,3,99.42028985507247,Alto
2025,13121,PEDRO AGUIRRE CERDA,13,Metropolitana de Santiago,96062,23428015.0,0.0,26257138.0,9.99,95.97,94.86,91.57,94.76,7.75,3.07,47.6,67.8,83.56,243.88431429701652,0.0,273.3353251025379,0.7329699173690518,0.0,5.549160498636379,48.78612716763006,80.03169572107767,98.71917010691226,97.39588937910256,98.78755930416447,49.813634724059156,71.39005715518171,81.1495457721873,5.5600000000000005,41.77310293012773,0.2200000000000002,7.508532423208197,2.09404347200181,64.40891144435386,98.30087293005977,24.64081767666796,67.45107921714272,51.37914494804522,86,75.36231884057972,Medio
2025,13122,PEÑALOLÉN,13,Metropolitana de Santiago,236478,126316895.0,27255936.0,38338598.0,10.66,96.4,94.8,91.99,95.56,5.94,3.12,59.02,73.21,88.95,534.1591818266393,115.25780833735062,162.12331802535542,1.6053620032675537,6.00382624397215,3.291372280391036,56.53179190751445,83.43898573692559,98.65565788080872,97.84784246206823,99.63099630996311,63.54454731273296,77.22419928825623,90.56603773584906,7.37,55.37190082644627,0.16999999999999993,5.802047781569963,3.6335201758769133,69.98538882222002,98.71149888428003,30.586974304008116,77.11159477894608,56.00579539306623,37,89.56521739130436,Medio
2025,13123,PROVIDENCIA,13,Metropolitana de Santiago,143974,184839367.0,30510482.0,17625802.0,14.42,98.49,87.69,87.43,87.54,1.43,1.88,89.34,86.88,94.35,1283.8385194549016,211.91660994346202,122.42350702210122,3.858448282057378,11.038822641744263,2.4854002643702553,100.0,100.0,91.12945908754102,92.94092327558378,91.17554032683185,100.0,91.96592257090478,100.0,11.88,89.25619834710744,1.4100000000000001,48.122866894197955,5.794223729390631,100.0,91.7486408966522,68.6895326206527,97.3219741903016,72.71087428739943,1,100.0,Alto
2025,13124,PUDAHUEL,13,Metropolitana de Santiago,227820,120771488.0,0.0,54701732.0,10.2,96.19,93.02,90.32,94.8,6.04,3.09,54.69,74.3,88.19,530.1180230006145,0.0,240.1094372750417,1.5932167045453929,0.0,4.87461986180029,51.21387283236993,81.77496038034866,96.77146183973748,96.05079091789518,98.82973115445441,58.33834315257905,78.39965491211044,89.23829489867227,7.2700000000000005,54.6205860255447,0.20000000000000018,6.825938566552907,2.1559455221152275,66.4944166063593,97.21732797069569,30.723262296048805,75.32543098778724,54.38327667660125,47,86.66666666666667,Medio
2025,13125,QUILICURA,13,Metropolitana de Santiago,205624,70509075.0,0.0,4282961.0,10.39,96.72,93.11,92.49,93.53,5.43,3.06,59.44,78.1,90.81,342.9029442088472,0.0,20.829090962144498,1.0305605073734665,0.0,0.42286509709740794,53.41040462427746,85.97464342313789,96.86673017889278,98.38588184655117,97.49077490774908,64.0495370927017,82.49757360077645,93.81551362683439,7.880000000000001,59.20360631104433,0.22999999999999998,7.849829351535835,0.4844752014902915,69.69252402370768,97.58112897773101,33.526717831290085,80.1208747734375,56.281144161531316,35,90.14492753623189,Medio
2025,13126,QUINTA NORMAL,13,Metropolitana de Santiago,129351,44975560.0,32745107.0,8727246.0,10.62,96.77,91.8,86.96,91.68,8.96,2.76,52.53,70.72,88.71,347.70167992516485,253.14923734644495,67.46948999234641,1.0449826276791687,13.186647019814895,1.3697425628693276,56.0693641618497,86.37083993660856,95.48004657563249,92.4351662541698,95.54032683183976,55.74125285559697,74.53898414752508,90.14675052410901,4.35,32.68219383921863,0.5300000000000002,18.088737201365195,5.200457403454464,71.22010204922913,94.48517988721402,25.38546552029191,73.47566250907703,53.95337347385331,53,84.92753623188406,Medio
2025,13127,RECOLETA,13,Metropolitana de Santiago,154615,39803123.0,31971636.0,25247555.0,10.23,96.39,91.86,83.12,91.72,10.64,2.73,48.39,63.87,86.44,257.4337742133687,206.78223975681533,163.29305048022508,0.7736914641561443,10.771371204678648,3.3151197895360784,51.560693641618506,83.35974643423141,95.54355880173601,88.30302378134081,95.58249868212968,50.76349645304797,67.15194651137712,86.18099231306779,2.67,20.060105184072125,0.56,19.112627986348123,4.95339415279029,67.46022003792496,93.14302708840216,19.586366585210122,68.03214509249763,50.63503059136504,100,71.30434782608695,Medio
2025,13128,RENCA,13,Metropolitana de Santiago,143622,78167366.0,21905184.0,30643801.0,9.53,95.72,93.82,91.09,93.69,7.39,3.08,48.61,70.12,84.53,544.2576067733355,152.5196975393742,213.36425477990838,1.635711809568434,7.944813249696729,4.3316482931779765,43.46820809248555,78.05071315372426,97.61829152111781,96.87937156999892,97.6594623089088,51.02801490922207,73.89194435457782,82.84416491963663,5.920000000000001,44.47783621337341,0.20999999999999996,7.167235494880544,4.637391117481047,60.7594606231049,97.38570846667518,25.822535854126976,69.25470806114551,51.57196082450672,84,75.94202898550725,Medio
2025,13129,SAN JOAQUÍN,13,Metropolitana de Santiago,95602,50859522.0,0.0,22600809.0,10.6,96.81,92.84,88.85,92.69,7.3,2.82,55.83,72.35,87.07,531.9922386560951,0.0,236.40519026798603,1.5988494722700788,0.0,4.799417503081985,55.83815028901734,86.68779714738515,96.58092516142692,94.46895512751533,96.60516605166052,59.70902969820848,76.29677558503181,87.28162124388538,6.010000000000001,45.154019534184826,0.4700000000000002,16.040955631399324,2.1327556584506877,71.26297371820125,95.8850154468676,30.597487582792077,74.42914217570856,54.86147491640404,42,88.1159420289855,Medio
2025,13130,SAN MIGUEL,13,Metropolitana de Santiago,150829,45743968.0,403757.0,20494472.0,12.29,97.76,88.64,87.77,88.5,5.46,2.29,74.13,84.45,92.46,303.2836390879738,2.676918894907478,135.87885618813357,0.911488647896274,0.13944179701204854,2.758566171702199,75.3757225433526,94.21553090332813,92.13506933418017,93.30679005703217,92.1876647337902,81.71215582541781,89.34541140946835,96.69811320754717,7.8500000000000005,58.978211870773855,1.0,34.129692832764505,1.2698322055368407,84.79562672334036,92.54317470833418,46.55395235176918,89.25189348081112,62.882895893958334,6,98.55072463768117,Medio
2025,13131,SAN RAMÓN,13,Metropolitana de Santiago,76002,21308403.0,0.0,21092860.0,9.51,95.57,91.18,87.54,91.03,8.08,3.18,44.85,65.89,85.28,280.3663456224836,0.0,277.5303281492592,0.8426130141920682,0.0,5.634326019008809,43.23699421965318,76.86212361331218,94.82375357256274,93.05929194017003,94.85503426462837,46.50715402188289,69.33031381429959,84.15443745632426,5.23,39.29376408715252,0.10999999999999988,3.754266211604091,2.1589796777336256,60.04955891648268,94.2460265924537,21.524015149378304,66.66396843083557,48.92850975337677,137,60.57971014492753,Bajo
2025,13132,VITACURA,13,Metropolitana de Santiago,86420,131907745.0,12693072.0,7012610.0,13.41,98.09,89.0,88.89,88.82,1.01,2.5,88.82,94.33,91.53,1526.356688266605,146.87655635269613,81.14568386947465,4.587312385789458,7.650859723738187,1.6473919841659828,88.32369942196532,96.83042789223461,92.51614269080132,94.51199827827398,92.52503953610965,99.37477455813392,100.0,95.07337526205451,12.3,92.41172051089407,0.79,26.96245733788396,4.628521364564543,92.57706365709996,93.18439350172832,59.687088924389016,98.14938327339615,69.64529014423559,4,99.1304347826087,Alto
2025,13201,PUENTE ALTO,13,Metropolitana de Santiago,568086,135671497.0,64689141.0,79364310.0,10.42,96.46,92.6,90.92,92.67,4.86,2.97,59.94,78.92,88.69,238.82210968057655,113.87209154951891,139.70474540826564,0.7177559676318069,5.931643691332019,2.836238069121793,53.75722543352601,83.9144215530903,96.3268762570128,96.69643817927474,96.58408012651556,64.65071540218828,83.38186131780438,90.11180992313068,8.45,63.48610067618331,0.31999999999999984,10.921501706484635,3.1618792426952065,68.83582349330815,96.53579818760103,37.20380119133397,79.38146221437445,57.02375286586256,30,91.59420289855072,Medio
2025,13202,PIRQUE,13,Metropolitana de Santiago,29060,12900404.0,11546011.0,8772520.0,10.58,96.16,70.71,14.26,85.75,4.52,2.85,61.11,63.51,90.79,443.9230557467309,397.31627666896077,301.87611837577424,1.3341663502500978,20.696366896379583,6.128585944550393,55.60693641618497,81.53724247226624,73.15549910024346,14.204239750349727,89.2883500263574,66.05747264638691,66.76372263560874,93.78057302585606,8.790000000000001,66.0405709992487,0.43999999999999995,15.01706484641638,9.386373063726692,68.57208944422561,58.882696292316865,40.52881792283254,75.5339227692839,50.580779898477125,101,71.01449275362319,Medio
2025,13203,SAN JOSÉ DE MAIPO,13,Metropolitana de Santiago,17441,8477043.0,166529.0,669676.0,10.64,96.03,57.21,26.98,72.49,4.07,2.17,56.48,58.17,89.99,486.0411100280947,9.54813370792959,38.39665156814403,1.4607479504458352,0.497366179034361,0.7795157178528589,56.30057803468209,80.5071315372425,58.86524822695035,27.891961691595828,75.30838165524511,60.49056150054105,61.005068478378085,92.38294898672257,9.24,69.42148760330579,1.12,38.225255972696246,0.9125432824443517,68.4038547859623,54.021863857930434,53.82337178800102,71.2928596552139,49.690898673910404,114,67.2463768115942,Bajo
2025,13301,COLINA,13,Metropolitana de Santiago,173293,90218096.0,43814408.0,30851880.0,10.13,95.37,82.55,75.75,90.16,5.82,3.16,59.5,67.19,89.76,520.6101573635403,252.8342633574351,178.0330423040746,1.5646417651916669,13.170239896265826,3.6143660737419157,50.404624277456655,75.27733755942954,85.68857838467238,80.37232325406221,93.93779652082235,64.12167848984008,70.73223336568533,91.98113207547172,7.49,56.27347858752817,0.1299999999999999,4.4368600682593815,6.116415911733136,62.840980918443094,86.66623271985232,30.355169327893776,75.61168131033237,52.318096037650946,69,80.28985507246377,Medio
2025,13302,LAMPA,13,Metropolitana de Santiago,145160,59218435.0,22777513.0,18734488.0,9.77,95.29,73.29,61.85,87.87,6.55,2.88,55.26,64.84,90.88,407.9528451364012,156.91315100578672,129.06095343069717,1.226061479402636,8.17367003262386,2.620151436428164,46.24277456647399,74.64342313787645,75.88652482269505,65.41482836543635,91.52345809172378,59.02368642539376,68.19799417664186,93.93780573025856,6.760000000000001,50.78888054094666,0.41000000000000014,13.99317406143345,4.006627649484887,60.443098852175225,77.60827042661839,32.39102730119005,73.7198287774314,49.63377060137999,118,66.08695652173913,Bajo
2025,13303,TILTIL,13,Metropolitana de Santiago,19742,11574519.0,0.0,4671820.0,9.7,94.68,66.25,34.0,76.8,4.82,2.4,50.71,53.26,87.55,586.2890791206564,0.0,236.64370377874582,1.7620331964198896,0.0,4.8042597229882595,45.43352601156069,69.80982567353415,68.43442362654811,35.44603464973636,79.85239852398523,53.552963809065766,55.71012617275962,88.1201956673655,8.49,63.78662659654395,0.8900000000000001,30.37542662116041,2.188764306469383,57.62167584254742,61.2442856000899,47.08102660885218,65.7944285497303,46.78603618153783,191,44.927536231884055,Bajo
2025,13401,SAN BERNARDO,13,Metropolitana de Santiago,306371,125532470.0,0.0,58538640.0,9.91,95.66,91.76,87.85,92.16,6.34,2.98,54.84,72.73,87.75,409.7400537257116,0.0,191.07108701541594,1.2314327560909464,0.0,3.8790600084336324,47.86127167630058,77.57527733755943,95.43770509156347,93.39287635854944,96.04638903531892,58.51869664542504,76.70656745389842,88.46960167714886,6.970000000000001,52.36664162283997,0.31000000000000005,10.580204778156997,1.7034975881748595,62.71827450693,94.9589901618106,31.473423200498484,74.5649552588241,53.0838281432476,59,83.18840579710145,Medio
2025,13402,BUIN,13,Metropolitana de Santiago,116969,43592687.0,31990218.0,18398758.0,10.17,95.62,81.9,70.73,85.57,4.71,2.75,60.39,75.3,88.51,372.68581419008456,273.49313065855057,157.29601860321966,1.1200699447150373,14.246368719660959,3.1933700947666317,50.86705202312138,77.25832012678295,85.00052926855088,74.97040783385344,89.09857670005272,65.19177588072623,79.47805456702254,89.79734451432566,8.600000000000001,64.6130728775357,0.54,18.43003412969283,6.1866029197142085,64.06268607495217,83.02317126748568,41.521553503614264,78.15572498735814,54.58994775062489,46,86.95652173913044,Medio
2025,13403,CALERA DE TANGO,13,Metropolitana de Santiago,25491,15114091.0,0.0,4800468.0,10.36,95.52,74.33,40.22,90.19,5.32,3.03,58.56,60.39,91.54,592.9187164097133,0.0,188.32011298105215,1.7819579083061525,0.0,3.823210672316761,53.063583815028906,76.46592709984151,76.98740340848947,42.13924459270418,93.96942540853979,62.99146326800529,63.39911571228297,95.09084556254369,7.99,60.030052592036064,0.26000000000000023,8.873720136518779,1.8683895268743045,64.7647554574352,71.03202446991115,34.45188636427742,73.82714151427733,49.18883946655508,130,62.60869565217392,Bajo
2025,13404,PAINE,13,Metropolitana de Santiago,78828,19635335.0,25818311.0,17515592.0,9.62,94.97,71.27,38.83,79.81,5.42,2.55,49.14,66.18,85.02,249.09086872684833,327.5271603998579,222.20013193281576,0.7486176960349796,17.06102336656269,4.511031256025255,44.508670520231206,72.10776545166404,73.7482798772097,40.6434951038416,83.02583025830259,51.66526391727786,69.6430497142241,83.70020964360587,7.890000000000001,59.27873779113448,0.7400000000000002,25.25597269624574,7.4402241062076415,58.30821798594762,65.80586841311796,42.26735524369011,68.33617442503595,48.43156803479986,152,56.231884057971016,Bajo
2025,13501,MELIPILLA,13,Metropolitana de Santiago,136325,69445660.0,34097748.0,31306146.0,9.55,94.92,79.4,58.01,85.65,5.05,2.6,46.94,57.22,84.43,509.41250687694844,250.1210196222263,229.6434696497341,1.5309883464568763,13.02890592350746,4.662143358426358,43.69942196531793,71.71156893819337,82.35418651423734,61.28268589260733,89.18292040063258,49.02007935553684,59.98058880621158,82.66946191474496,8.260000000000002,62.05860255447033,0.69,23.549488054607508,6.407345876130232,57.70549545175565,77.60659760249241,42.80404530453892,63.89004335883112,49.68270551874967,117,66.3768115942029,Bajo
2025,13502,ALHUÉ,13,Metropolitana de Santiago,7768,32830876.0,7053873.0,4328166.0,9.15,93.94,74.29,42.62,79.78,6.0,2.34,51.75,65.14,86.24,4226.425849639547,908.0680998970134,557.178939237899,12.70210023431023,47.3016376774958,11.311656695420522,39.075144508670526,63.94611727416798,76.94506192442047,44.721833638222314,82.99420137058515,54.80341469279788,68.5215140731155,85.83158630328441,7.3100000000000005,54.92111194590533,0.9500000000000002,32.423208191126285,23.77179820240885,51.510630891419254,68.22036564440931,43.67216006851581,69.71883835639926,51.3787586326305,87,75.07246376811594,Medio
2025,13503,CURACAVÍ,13,Metropolitana de Santiago,35165,10134235.0,10130465.0,0.0,10.01,95.4,63.85,53.61,80.19,4.42,2.47,50.03,55.04,84.48,288.1909569173894,288.08374804493104,0.0,0.8661291009514956,15.006399930073277,0.0,49.017341040462426,75.51505546751194,65.89393458240711,56.547939309157435,83.42646283605694,52.735361308163995,57.629677558503175,82.75681341719078,8.89,66.79188580015027,0.8199999999999998,27.98634812286689,5.29084301034159,62.266198253987184,68.62277890920716,47.38911696150858,64.37395076128598,49.5885775792661,120,65.5072463768116,Bajo
2025,13504,MARÍA PINTO,13,Metropolitana de Santiago,15352,11192393.0,8802186.0,4665895.0,9.29,94.42,78.52,36.15,86.8,4.46,2.61,45.88,50.11,83.97,729.051133402814,573.357608129234,303.92750130276187,2.1910902738799516,29.866431650269938,6.170232420730324,40.693641618497104,67.74960380348656,81.42267386471896,37.75960400301302,90.39536109646811,47.74558133942527,52.313167259786475,81.86582809224319,8.850000000000001,66.49135987978964,0.6800000000000002,23.208191126279868,12.742584781626737,54.22162271099184,69.8592129880667,44.849775503034756,60.64152556381831,48.46294430950767,150,56.811594202898554,Bajo
2025,13505,SAN PEDRO,13,Metropolitana de Santiago,11108,5016663.0,7478317.0,4166874.0,8.61,94.35,37.71,17.87,71.27,5.32,2.07,34.42,21.51,80.18,451.62612531508825,673.2370363701837,375.12369463449767,1.3573171555049648,35.069191802977265,7.615633243114107,32.83236994219653,67.19492868462754,38.22377474330475,18.088884106316584,74.02214022140221,33.966574485992545,21.47093712930012,75.24458420684837,7.99,60.030052592036064,1.2200000000000002,41.6382252559727,14.680714067198778,50.01364931341203,43.444933023674515,50.83413892400438,43.560698607380345,40.50682678713401,309,10.72463768115942,Bajo
2025,13601,TALAGANTE,13,Metropolitana de Santiago,76429,18963271.0,25206965.0,11906125.0,10.15,95.77,69.85,67.62,85.09,4.87,2.77,53.95,67.95,86.74,248.1161731803373,329.8089076136022,155.78020123251645,0.7456883460427695,17.17988050953292,3.1625964877566424,50.635838150289025,78.44690966719492,72.2451571927596,71.62380286236953,88.59251449657354,57.4485992545389,71.55181710341853,86.70510132774284,8.440000000000001,63.41096919609317,0.52,17.747440273037544,7.0293884477774435,64.54137390874197,77.48715818390089,40.57920473456536,71.90183922856676,52.30779290071048,70,80.0,Medio
2025,13602,EL MONTE,13,Metropolitana de Santiago,37497,10537220.0,12496424.0,7276027.0,9.42,94.41,78.69,64.1,88.14,5.98,2.8,46.21,57.97,84.8,281.0150145344961,333.26463450409364,194.04291009947462,0.8445625237380519,17.359890732670312,3.939392946595971,42.19653179190752,67.67036450079237,81.6026251720123,67.83600559560959,91.80811808118081,48.142359023686424,60.78938854739566,83.31586303284418,7.33,55.071374906085644,0.4900000000000002,16.723549488054616,7.381282067668113,54.933448146349946,80.41558294960089,35.897462197070126,64.08253686797542,48.542062445732896,148,57.391304347826086,Bajo
2025,13603,ISLA DE MAIPO,13,Metropolitana de Santiago,39274,11234133.0,12058120.0,8873632.0,9.67,95.13,75.6,37.54,86.23,5.26,2.7,50.71,67.09,83.83,286.04504252177014,307.0255130620767,225.9416407801599,0.8596797698341094,15.993084195179499,4.5869900919100495,45.08670520231214,73.37559429477018,78.33174552768074,39.2553534918756,89.7944122298366,53.552963809065766,70.62439340019412,81.62124388539483,8.05,60.48084147257702,0.5899999999999999,20.13651877133105,7.146584685641219,59.231149748541156,69.12717041646431,40.30868012195403,68.59953369821824,48.88262373416379,138,60.28985507246377,Bajo
2025,13604,PADRE HURTADO,13,Metropolitana de Santiago,81243,25080373.0,8673144.0,12678838.0,10.09,95.66,84.56,79.57,87.37,5.07,2.82,58.97,75.89,88.53,308.70811023718966,106.75558509656217,156.06068215107763,0.9277913534699065,5.560941967743781,3.168290715655349,49.94219653179191,77.57527733755943,87.81623795914048,84.48294415151189,90.99630996309965,63.48442948178429,80.11431036342069,89.83228511530399,8.24,61.908339594290005,0.4700000000000002,16.040955631399324,3.2190080122896787,63.75873693467567,87.76516402458401,38.97464761284466,77.81034165350299,54.30557964757939,49,86.08695652173914,Medio
2025,13605,PEÑAFLOR,13,Metropolitana de Santiago,94402,22913358.0,16304667.0,20661905.0,10.31,95.82,83.84,81.29,89.36,5.44,2.85,57.2,71.39,88.36,242.72110760365246,172.71527086290544,218.8714751806106,0.7294740159767227,8.996808900845927,4.443454002496364,52.48554913294798,78.84310618066557,87.05409124589818,86.33379963413323,93.09435951502373,61.356258266201756,75.2615119163162,89.53529000698813,7.87,59.12847483095417,0.43999999999999995,15.01706484641638,4.723245639773005,65.66432765680678,88.8274167983517,37.072769838685275,75.38435339650202,54.33442266602375,48,86.37681159420289,Medio
2025,14101,VALDIVIA,14,Los Ríos,170043,57661667.0,2281270.0,30489876.0,10.99,96.43,76.01,70.16,83.43,3.48,2.33,61.08,71.5,87.52,339.10050399016717,13.415841875290369,179.30685767717577,1.0191326535530179,0.6988366749096588,3.640226638776154,60.346820809248555,83.676703645008,78.76574573938818,74.35704293554288,86.84238270954138,66.02140194781771,75.38013587835653,88.06778476589797,9.83,73.85424492862509,0.96,32.76450511945392,1.7860653224129435,72.01176222712829,79.98839046149082,53.30937502403951,76.4897741973574,56.71707344648579,33,90.72463768115942,Medio
2025,14102,CORRAL,14,Los Ríos,5501,4572583.0,0.0,658575.0,9.0,94.35,47.8,17.95,59.32,3.54,1.64,33.94,15.14,82.65,831.2275949827305,0.0,119.71914197418651,2.4981714111690243,0.0,2.430497167991653,37.34104046242775,67.19492868462754,48.90441409971419,18.174970407833854,61.423299947285194,33.38944330888541,14.601531327509976,79.55974842767297,9.77,73.40345604808414,1.6500000000000001,56.31399317406144,1.6428895263868923,52.26798457352764,42.83422815161108,64.85872461107279,42.51690768802279,40.82414691012424,303,12.46376811594203,Bajo
2025,14103,LANCO,14,Los Ríos,16876,7685583.0,0.0,3140299.0,9.32,94.72,61.33,50.46,80.18,3.4,2.17,38.26,37.22,78.46,455.41496800189617,0.0,186.08076558426168,1.3687041433031706,0.0,3.7777482056109584,41.04046242774567,70.12678288431063,63.22642108605906,53.15829118691489,83.41591987348446,38.58362390284958,38.41259570796937,72.23969252271138,9.91,74.45529676934636,1.12,38.225255972696246,1.7154841163047096,55.583622656028155,66.60021071548614,56.340276371021304,49.745304044510114,45.99697958067008,209,39.710144927536234,Bajo
2025,14104,LOS LAGOS,14,Los Ríos,21431,6704889.0,0.0,7049202.0,8.94,93.35,53.75,31.51,80.14,3.9,2.24,41.02,31.15,81.74,312.8593626055714,0.0,328.92548177873175,0.9402675273238971,0.0,6.677732890166163,36.64739884393063,59.27099841521392,55.20270985498041,32.7665985150113,83.37374802319452,41.90212817121559,31.86670980265286,77.96995108315863,9.41,70.69872276483846,1.0499999999999998,35.836177474402724,2.5393334724966867,47.95919862957227,57.114352131062084,53.26745011962059,50.57959635234236,42.291986141018796,286,17.391304347826086,Bajo
2025,14105,MÁFIL,14,Los Ríos,8074,4124515.0,0.0,3260701.0,9.3,94.36,54.46,43.71,83.29,3.31,2.35,44.21,31.65,84.46,510.8391132028734,0.0,403.85199405499134,1.5352758691040194,0.0,8.198865374846068,40.80924855491331,67.27416798732172,55.954271197205465,45.89475949639514,86.69478123352663,45.73764578574005,32.405909630108916,82.72187281621244,10.0,75.13148009015778,0.94,32.08191126279863,3.2447137479833628,54.041708271117514,62.847937309042415,53.6066956764782,53.62180941068713,45.47257288306172,215,37.971014492753625,Bajo
2025,14106,MARIQUINA,14,Los Ríos,22973,9443918.0,41414.0,8111000.0,9.02,94.35,63.05,43.56,77.41,4.53,2.24,38.63,34.09,80.7,411.0877116615157,1.8027249379706611,353.0666434510077,1.2354830072466854,0.09390467725685465,7.16783851662602,37.57225433526011,67.19492868462754,65.04710490102677,45.733347681050255,80.4955192409067,39.028495851869664,35.03720478809447,76.15303983228513,8.780000000000001,65.96543951915854,1.0499999999999998,35.836177474402724,2.8324087337098534,52.38359150994383,63.75865727432791,50.90080849678063,50.072913490749755,43.989675901102395,253,26.956521739130434,Bajo
2025,14107,PAILLACO,14,Los Ríos,19802,7766547.0,0.0,4603819.0,9.02,93.78,61.77,50.96,84.47,4.46,2.34,37.36,34.54,77.51,392.2102312897687,0.0,232.492627007373,1.1787486278008459,0.0,4.719985978868769,37.57225433526011,62.67828843106182,63.69217741081825,53.69633057139783,87.93885081707961,37.501502945773716,35.52248463280491,70.58001397624041,8.850000000000001,66.49135987978964,0.9500000000000002,32.423208191126285,1.9662448688898715,50.125271383160964,68.44245293309856,49.45728403545796,47.868000518273014,43.571850747776075,261,24.637681159420293,Bajo
2025,14108,PANGUIPULLI,14,Los Ríos,35098,29932694.0,1060520.0,13841860.0,8.83,93.01,42.83,22.98,63.8,3.95,1.75,36.22,25.37,80.5,852.8318992535187,30.215966721750526,394.37745740498036,2.563100987151883,1.5739620300609731,8.006516564821602,35.37572254335261,56.57686212361336,43.64348470413888,23.587646615732275,66.1465471797575,36.130816400144276,25.63355979726086,75.80363382250177,9.36,70.32306536438767,1.54,52.55972696245733,4.047859860678153,45.97629233348299,44.459226166542884,61.4413961634225,45.85600333996897,40.3561555728191,310,10.434782608695652,Bajo
2025,14201,LA UNIÓN,14,Los Ríos,38907,13388624.0,19501907.0,11828523.0,9.5,94.75,66.74,52.38,82.87,4.18,2.26,44.1,44.48,81.15,344.11864188963426,501.2441719998972,304.02043334104405,1.0342141651792205,26.11001335096399,6.17211909525986,43.12138728323699,70.36450079239305,68.95310680639356,55.22436242332939,86.25197680548234,45.605386557653,46.24177720263129,76.93920335429772,9.13,68.59504132231406,1.0300000000000002,35.153583617747444,11.10544887046769,56.74294403781502,70.14314867840177,51.87431247003075,56.26212237152733,49.22559528564852,127,63.47826086956522,Bajo
2025,14202,FUTRONO,14,Los Ríos,15635,7760618.0,7928556.0,6695817.0,8.72,93.25,56.85,33.17,69.04,4.1,1.97,39.89,33.78,83.22,496.3618803965462,507.1030380556444,428.25820275023983,1.4917659936765122,26.415204073335318,8.694351895522978,34.10404624277458,58.478605388272584,58.484174870329205,34.55288927149468,71.67105956773854,40.54346519177588,34.702900895071714,80.55555555555556,9.21,69.19609316303531,1.32,45.051194539249146,12.200440654178271,46.29132581552358,54.90270790318747,57.12364385114223,51.933973880801055,44.49041842096652,239,31.01449275362319,Bajo
2025,14203,LAGO RANCO,14,Los Ríos,10527,10893332.0,7440065.0,5050658.0,8.52,93.1,32.12,14.74,62.61,3.87,1.68,33.33,16.58,78.51,1034.799278046927,706.7602355846869,479.7813242139261,3.109985746766368,36.815428922434265,9.740356725983428,31.79190751445087,57.290015847860495,32.30655234465968,14.720757559453354,64.89193463363205,32.65600577131177,16.15442683058341,72.32704402515725,9.440000000000001,70.92411720510896,1.61,54.94880546075085,16.555257131728023,44.54096168115568,37.30641484591502,62.9364613329299,40.37915887568414,40.34365077348255,311,10.144927536231885,Bajo
2025,14204,RÍO BUENO,14,Los Ríos,33363,11836149.0,15662138.0,8029568.0,9.15,94.36,61.53,46.36,77.21,4.0,2.04,39.33,37.03,79.53,354.76872583400774,469.4463327638402,240.6728411713575,1.0662219274298672,24.45365093646907,4.886057895450133,39.075144508670526,67.27416798732172,63.43812850640415,48.746368234154744,80.28465998945703,39.87014548515089,38.20769977353607,74.10901467505242,9.31,69.9474079639369,1.25,42.66211604095563,10.135310253116357,53.174656247996126,64.15638557667198,56.30476200244627,50.728953311246464,46.90001347829544,188,45.79710144927536,Bajo
2025,15101,ARICA,15,Arica y Parinacota,241653,57194128.0,0.0,54408086.0,10.35,96.44,79.45,73.9,82.69,6.82,2.8,52.41,68.61,84.92,236.67874183229674,0.0,225.14964018654848,0.7113142899077862,0.0,4.570911166116918,52.947976878612714,83.75594294770207,82.40711336932361,78.38157753147532,86.06220347917764,55.596970061320185,72.26356087566053,83.52550663871419,6.49,48.760330578512395,0.4900000000000002,16.723549488054616,1.7607418186749015,68.35195991315739,82.2836314599922,32.741940033283505,70.46201252523163,51.12005715006792,92,73.62318840579711,Medio
2025,15102,CAMARONES,15,Arica y Parinacota,861,4196901.0,0.0,673366.0,9.18,96.16,18.74,1.06,16.71,3.57,0.83,12.81,2.97,67.28,4874.449477351916,0.0,782.0743321718932,14.649670442860288,0.0,15.877406220574159,39.421965317919074,81.53724247226624,18.14332592357362,0.0,16.49973642593569,7.983647949981965,1.4774075272295912,52.70789657582111,9.74,73.17806160781367,2.46,83.95904436860067,10.175692221144816,60.47960389509266,11.547687449836436,78.56855298820717,20.722984017677557,36.29890411439173,337,2.608695652173913,Bajo
2025,15201,PUTRE,15,Arica y Parinacota,1547,4251748.0,0.0,1378349.0,9.04,94.5,21.32,15.7,24.02,4.43,0.83,25.12,5.64,73.27,2748.382676147382,0.0,890.9819004524887,8.25998928566159,0.0,18.0884105087265,37.803468208092475,68.38351822503964,20.87435164602519,15.753793177660604,24.206642066420667,22.784657929541904,4.356734605844926,63.172606568832975,8.88,66.71675432006012,2.46,83.95904436860067,8.782799931462696,53.09349321656606,20.278262296702152,75.3378993443304,30.104666368073268,37.51942423142691,329,4.9275362318840585,Bajo
2025,15202,GENERAL LAGOS,15,Arica y Parinacota,508,2350556.0,0.0,252610.0,5.77,87.45,8.33,2.56,3.53,9.29,0.81,6.17,1.76,54.63,4627.078740157481,0.0,497.26377952755905,13.906222430127043,0.0,10.095279568134162,0.0,12.51980982567353,7.1239546946120464,1.6141181534488327,2.6041117554032684,0.0,0.17254394478593757,30.607966457023068,4.020000000000001,30.202854996243435,2.48,84.64163822525596,8.000500666087069,6.259904912836765,3.780728201154716,57.422246610749696,10.260170133936334,17.144710104952917,345,0.2898550724637681,Crítico
2025,16101,CHILLÁN,16,Ñuble,190382,53327051.0,39429364.0,32773402.0,10.56,95.57,78.67,73.87,84.02,3.47,2.34,54.25,64.98,86.63,280.10552993455264,207.10657520143712,172.14548644304608,0.8418291587244365,10.788265970268597,3.4948389236917765,55.37572254335261,76.86212361331218,81.58145442997778,78.34929516840634,87.46441750131787,57.80930624023085,68.34897012832955,86.51292802236199,9.84,73.92937640871526,0.9500000000000002,32.423208191126285,5.04164468422827,66.11892307833239,82.46505569990067,53.176292299920775,70.8904014636408,55.538463445204584,39,88.98550724637681,Medio
2025,16102,BULNES,16,Ñuble,23863,8957953.0,11497331.0,2993973.0,9.17,93.18,63.54,48.26,81.04,3.94,2.27,39.57,35.62,79.95,375.39089804299545,481.80576624900476,125.46507144952437,1.1281998037174894,25.097458867482906,2.5471490674873882,39.30635838150289,57.923930269413695,65.56578808087224,50.79091789518992,84.32261465471798,40.15871107370445,36.687156260109994,74.8427672955975,9.370000000000001,70.39819684447785,1.02,34.81228668941979,9.590935912895928,48.61514432545829,66.89310687692671,52.60524176694882,50.56287820980398,45.65346141840675,212,38.84057971014493,Bajo
2025,16103,CHILLÁN VIEJO,16,Ñuble,32688,11977855.0,7700729.0,1353895.0,9.95,94.9,77.08,73.23,87.32,4.11,2.51,47.69,55.96,82.24,366.42972956436614,235.5827520802741,41.4187163485071,1.1012679080019172,12.271601637842199,0.8408686457893411,48.32369942196531,71.55309033280514,79.89838043823437,77.66060475626817,90.94359515023721,49.921846819766735,58.621805241022315,78.84346610761706,9.2,69.12096168294515,0.7800000000000002,26.62116040955632,4.737912730544486,59.93839487738522,82.8341934482466,47.87106104625074,62.46237272280204,51.56878696504581,85,75.65217391304347,Medio
2025,16104,EL CARMEN,16,Ñuble,13186,6276701.0,11818336.0,1738479.0,8.55,92.87,43.71,31.7,78.33,2.62,2.12,32.83,25.41,76.01,476.01251327165176,896.2790838768391,131.84278780524798,1.4306080057877073,46.68754302487698,2.676627288640882,32.13872832369943,55.46751188589545,44.574997353657245,32.97105348111482,81.46547179757512,32.05482746182518,25.676695783457347,67.95946890286515,10.690000000000001,80.31555221637868,1.17,39.931740614334466,16.931592773101855,43.80312010479744,53.00384087744906,60.123646415356575,41.89699738271589,43.15183951068416,273,21.15942028985507,Bajo
2025,16105,PEMUCO,16,Ñuble,8930,4842760.0,6477683.0,3405573.0,8.68,92.5,56.35,40.96,73.79,3.92,2.12,33.9,18.18,77.84,542.3023516237402,725.3844344904816,381.36315789473684,1.6298354857484079,37.78557103928147,7.742304697099879,33.641618497109825,52.53565768621237,57.954906319466495,42.93554288173895,76.6789667896679,33.34134904412648,17.879866278442787,71.15653389238297,9.39,70.54845980465815,1.17,39.931740614334466,15.719237074043255,43.088638091661096,59.18980533029111,55.240100209496305,40.792583071650746,42.8060727554285,277,20.0,Bajo
2025,16106,PINTO,16,Ñuble,12502,5806760.0,0.0,4596709.0,9.25,94.21,39.12,21.19,60.74,3.13,1.63,39.1,23.69,79.43,464.46648536234204,0.0,367.677891537354,1.3959075735478508,0.0,7.4644710894049435,40.23121387283237,66.08557844690964,39.716312056737586,21.661465619283334,62.92040063257775,39.593603462787065,23.821848377008518,73.93431167016075,10.18,76.48384673178062,1.6600000000000001,56.655290102389074,2.953459554317598,53.158396159871,41.43272610286622,66.56956841708484,45.78325450331878,41.97948094749169,288,16.81159420289855,Bajo
2025,16107,QUILLÓN,16,Ñuble,19165,15359679.0,9363419.0,5355932.0,9.1,93.1,33.08,26.2,54.21,2.56,1.42,34.98,31.32,79.68,801.4442473258545,488.56869292982,279.46423167231933,2.4086605382210906,25.449742476533455,5.673587468418296,38.49710982658959,57.290015847860495,33.32274796231607,27.052620251802434,56.035846072746445,34.639894192617525,32.05003774398792,74.37106918238996,10.75,80.7663410969196,1.87,63.82252559726962,11.177330161057613,47.89356283722505,38.80373809562165,72.29443334709461,47.020333706331805,43.43787962946614,266,23.18840579710145,Bajo
2025,16108,SAN IGNACIO,16,Ñuble,17405,7294967.0,8937146.0,6989653.0,8.64,92.0,53.98,30.38,80.48,3.77,2.18,31.75,19.65,75.03,419.1305372019535,513.4815282964665,401.58879632289575,1.2596549150989014,26.747462231434948,8.152918706771471,33.1791907514451,48.57369255150555,55.44617338837726,31.550629506079847,83.73220875065894,30.756282313334133,19.46511377116359,66.24737945492663,9.540000000000001,71.67543200601052,1.1099999999999999,37.883959044368595,12.053345284435109,40.876441651475325,56.90967054837201,54.77969552518956,38.82292517980812,40.688415637856025,305,11.884057971014492,Bajo
2025,16109,YUNGAY,16,Ñuble,18680,9389626.0,8562099.0,2062715.0,9.33,94.19,55.3,39.21,68.51,2.59,1.81,36.73,33.31,79.83,502.65663811563167,458.35647751605995,110.42371520342613,1.5106842585043077,23.87597585363567,2.241784585617163,41.15606936416185,65.92709984152138,56.843442362654805,41.05240503604864,71.11228255139696,36.7440182758206,34.19605305726302,74.63312368972747,10.72,80.54094665664914,1.48,50.51194539249146,9.209481565919047,53.54158460284162,56.336043316700135,65.5264460245703,48.52439834093703,46.627590770193635,198,42.89855072463768,Bajo
2025,16201,QUIRIHUE,16,Ñuble,11746,6483659.0,9107791.0,375626.0,8.98,92.83,63.48,57.66,80.05,3.59,2.09,35.91,41.25,71.51,551.9886769964243,775.3951132300358,31.979056700153244,1.6589467679909364,40.39064769158577,0.649227896751263,37.109826589595386,55.150554675118855,65.50227585476871,60.90605832346928,83.27886136004217,35.75808584826259,42.75854631726517,60.097833682739356,9.72,73.02779864763336,1.2000000000000002,40.95563139931741,14.232940785442656,46.13019063235712,69.89573184609338,56.991715023475386,46.204821949422374,46.691080047358184,195,43.768115942028984,Bajo
2025,16202,COBQUECURA,16,Ñuble,5495,6096575.0,4703432.0,2389776.0,8.91,91.12,31.86,19.16,56.85,2.26,1.41,33.13,15.18,75.95,1109.476797088262,855.9475887170155,434.9000909918107,3.334421562242356,44.5866589928776,8.829193244158235,36.30057803468208,41.600633914421586,32.03133269821107,19.477025718282583,58.81918819188192,32.41553444751714,14.644667313706458,67.85464709993013,11.05,83.02028549962435,1.8800000000000001,64.16382252559727,18.91675793309273,38.950605974551834,36.77584886945852,73.59205401261082,38.304949620384576,41.308043282019696,298,13.91304347826087,Bajo
2025,16203,COELEMU,16,Ñuble,15895,7853755.0,12326485.0,1186519.0,9.06,92.9,54.52,43.8,77.18,4.1,2.24,40.71,40.23,80.63,494.10223340673167,775.4944951242529,74.64731047499214,1.4849748506209137,40.39582453498826,1.5154642249840171,38.03468208092487,55.705229793977864,56.017783423308984,45.991606585602064,80.25303110173961,41.52939761933389,41.65857866925482,76.03074772886093,9.21,69.19609316303531,1.0499999999999998,35.836177474402724,14.465421203531063,46.869955937451365,60.754140370216895,52.51613531871902,53.072908005816544,45.535712167146976,213,38.550724637681164,Bajo
2025,16204,NINHUE,16,Ñuble,5763,4448448.0,4655545.0,2542697.0,8.4,89.8,24.21,25.1,76.72,2.3,1.98,31.36,14.55,72.67,771.897969807392,807.833593614437,441.2106541731737,2.319862155866349,42.08038136478221,8.957308144480876,30.404624277456655,31.141045958795527,23.933523870011644,25.868933605939958,79.76805482340538,30.287363231934588,13.965275531111832,62.12438853948289,11.010000000000002,82.71975957926372,1.31,44.7098976109215,17.785850555043144,30.77283511812609,43.190170766452326,63.71482859509261,35.459009100843105,38.18453882711145,324,6.3768115942028984,Bajo
2025,16205,PORTEZUELO,16,Ñuble,5203,4328654.0,3708676.0,1893752.0,8.44,90.37,55.33,28.96,73.3,2.7,1.93,30.73,17.15,73.47,831.953488372093,712.7956947914664,363.97309244666536,2.500353011158976,37.12981845406605,7.389257522473114,30.86705202312138,35.657686212361355,56.87519847570657,30.022597654148285,76.16236162361623,29.529878561981487,16.769114633883316,63.52201257861636,10.61,79.7145003756574,1.36,46.41638225255973,15.673142995899381,33.26236911774137,54.353385917823694,63.06544131410856,36.60700192482705,40.59226825408001,306,11.594202898550725,Bajo
2025,16206,RÁNQUIL,16,Ñuble,6508,4794019.0,4603062.0,2546622.0,8.82,92.38,47.01,16.67,71.34,2.64,1.83,32.39,20.51,81.51,736.6347572218808,707.2928703134604,391.3063921327597,2.213882096880302,36.84317408269014,7.944168845620113,35.260115606936424,51.584786053882695,48.06816978935111,16.797589583557517,74.0959409594096,31.525790549476973,20.392537474388007,77.56813417190777,10.67,80.16528925619835,1.46,49.829351535836174,15.667075008396852,43.42245083040956,46.32056677743941,64.99732039601726,43.16215406525759,42.71391341550414,279,19.420289855072465,Bajo
2025,16207,TREGUACO,16,Ñuble,6124,4715668.0,4494638.0,2148344.0,8.71,91.31,44.42,35.83,74.48,2.72,2.01,34.16,28.47,75.94,770.0306988896147,733.9382756368386,350.8073154800784,2.314250259856333,38.23114411326317,7.121970411122123,33.988439306358394,43.106180665610154,45.32655869588229,37.41525879694393,77.40643120716922,33.653961765059506,28.9765987274884,67.83717679944095,10.59,79.56423741547708,1.2800000000000002,43.68600682593857,15.889121594747207,38.54730998598427,53.38274956666515,61.62512212070783,43.48924576399629,42.586709806420146,281,18.84057971014493,Bajo
2025,16301,SAN CARLOS,16,Ñuble,55847,20421702.0,0.0,16485796.0,9.18,93.29,74.37,52.63,84.36,4.09,2.34,39.0,41.19,78.8,365.6723190144502,0.0,295.1957311941555,1.0989915863377437,0.0,5.992963003571472,39.421965317919074,58.79556259904919,77.0297448925585,55.49338211557087,87.82287822878229,39.47336780088974,42.693842337970445,72.83368273934312,9.22,69.27122464312548,0.9500000000000002,32.423208191126285,2.3639848633030716,49.10876395848413,73.44866841230389,50.84721641712588,51.666964292734434,45.487119588790286,214,38.26086956521739,Bajo
2025,16302,COIHUECO,16,Ñuble,29766,11254007.0,0.0,10816162.0,8.67,91.97,66.23,28.09,83.83,4.24,2.45,37.38,25.68,81.84,378.0826110327219,0.0,363.37304306927365,1.136289477927772,0.0,7.37707552477119,33.52601156069365,48.33597464342313,68.41325288451361,29.086409125147966,87.26410121244069,37.52555007815318,25.967863690283615,78.14465408805033,9.07,68.1442524417731,0.8399999999999999,28.668941979522177,2.8377883342329873,40.93099310205839,61.58792107403409,48.40659721064764,47.212689285495706,40.195197801293766,313,9.565217391304348,Bajo
2025,16303,ÑIQUÉN,16,Ñuble,12797,6677898.0,0.0,3722420.0,8.26,91.62,65.15,16.46,78.65,4.08,2.13,28.47,9.61,74.88,521.833085879503,0.0,290.882238024537,1.5683171545494332,0.0,5.905391937156966,28.78612716763006,45.56259904912841,67.27003281465016,16.57161304207468,81.80284659989458,26.812552603102073,8.637981235846004,65.98532494758909,9.23,69.34635612321563,1.1600000000000001,39.59044368600683,2.491236363902133,37.17436310837923,55.214830818873146,54.46839990461123,33.81195292884572,36.632156624922295,335,3.1884057971014492,Bajo
2025,16304,SAN FABIÁN,16,Ñuble,5245,3568681.0,0.0,2440625.0,9.12,91.72,58.34,2.01,62.61,3.06,1.67,42.76,25.7,83.59,680.3967588179219,0.0,465.324118207817,2.0448644166659458,0.0,9.446851462952923,38.728323699421956,46.35499207606972,60.06139515190008,1.0222748305175937,64.89193463363205,43.99422868822892,25.98943168338186,81.20195667365479,10.25,77.00976709241172,1.62,55.2901023890785,3.8305719598729566,42.54165788774584,41.99186820534991,66.14993474074511,50.39520568175519,40.9818476950938,301,13.043478260869565,Bajo
2025,16305,SAN NICOLÁS,16,Ñuble,15099,6761750.0,16584189.0,4571618.0,8.89,92.32,65.59,24.02,81.69,4.47,2.39,40.57,29.62,80.55,447.8276707066693,1098.3634015497714,302.776210345056,1.3459012800375814,57.21419755216751,6.1468593045678155,36.06936416184972,51.109350237717855,67.73578913940935,24.7067685354568,85.00790722192936,41.36106769267764,30.216758330637333,75.8909853249476,8.84,66.41622839969948,0.8999999999999999,30.71672354948805,21.56898604559097,43.58935719978379,59.150154965598496,48.566475974593764,49.15627044942085,44.40624892699758,240,30.72463768115942,Bajo
